	Doeun	Kim Doeun	김도은	도은	2007-12-24	YOUNG POSSE	South Korea		168	0	Asan					
	Jiana	Noh Jihyeon	노지현	지아나	2006-02-02	YOUNG POSSE	South Korea		0	0	Busan					
	Jieun	Han Jieun	한지은	지은	2009-11-05	YOUNG POSSE	South Korea		0	0						
	Sunhye	Jeong Sunhye	정선혜	선혜	2004-04-12	YOUNG POSSE	South Korea		0	0	Gyeonggi					
	Yeonjung	Wi Yeonjung	위연정	연정	2004-09-01	YOUNG POSSE	South Korea		0	0	Seoul					
Profile	Baekah	Kim Sua	김수아	백아	1999-10-24	XUM	South Korea		0	0			NeonPunch		sunghyuk_seo	
Profile	Dayeon	Hwang Da Kyeon	황연경	다연	1995-11-17	XUM	South Korea		0	0			NeonPunch		sunghyuk_seo	
Profile	Iaan	Yoo Dongju	유동주	이안	2002-03-22	XUM	South Korea		0	0			NeonPunch		sunghyuk_seo	
Profile	Aria	Baby Gauthami	베이비 고타미	아리아	2003-03-12	X:IN	India		0	0						
Profile	E.sha	Kwon Yena	권예나	이샤	1998-12-29	X:IN	Australia	South Korea	0	0						
	Hannah	Kang Minkyung	강민경	한나	2003-01-04	X:IN	South Korea		0	0						
	Nizz	Hwang Sujeong	황수정	니즈	2001-07-07	X:IN	South Korea		0	0						
Profile	Nova	Maria Pavlovna Emelyanova	마리아 파블로브나 에멜야노바	노바	2002-10-10	X:IN	Russia		0	0	Moscow					
	Lucy	Kim Daeun	김대은	루시	2004-04-09	woo!ah!	South Korea		0	0				Rapper, Vocalist		
	Minseo	Kim Minseo	김민서	민서	2004-08-12	woo!ah!	South Korea		0	0				Vocalist, Dancer		
	Nana	Kwon Nayeon	권나연	나나	2001-03-09	woo!ah!	South Korea		0	0				Leader, Main Dancer		
	Sora	Sakata Sora	사카타 소라	소라	2003-08-30	woo!ah!	Japan		0	0				Vocalist		
	Wooyeon	Park Jinkyung	박진경	우연	2003-02-11	woo!ah!	South Korea		0	0				Vocalist		
Profile	Hyerim	Woo Hyerim	우혜림	혜림	1992-09-01	Wonder Girls	South Korea		167	0	Seoul				wg_lim	
Profile	Sunmi	Lee Sunmi	이선미	선미	1992-05-02	Wonder Girls	South Korea		167	0	Iksan				miyayeah	
Profile	Yenny	Park Yeeun	박예은	예은	1989-05-26	Wonder Girls	South Korea		165	0	Goyang				hatfelt	
Profile	Yubin	Kim Yubin	김유빈	유빈	1988-10-04	Wonder Girls	South Korea		163	0	Gwangju					
Profile	Bona	Kim Jiyeon	김지연	보나	1995-08-19	WJSN	South Korea		163	0	Daegu	WJSN The Black				
Profile	Dawon	Nam Dawon	남다원	다원	1997-03-16	WJSN	South Korea		167	0	Seoul					
Profile	Dayoung	Im Dayoung	임다영	다영	1999-05-14	WJSN	South Korea		161	0	Jeju	WJSN Chocome				
Profile	Eunseo	Son Juyeon	손주연	은서	1998-05-27	WJSN	South Korea		167	0	Incheon	WJSN The Black			_eunseo_v	
Profile	Exy	Chu Sojung	추소정	엑시	1995-11-06	WJSN	South Korea		166	0	Busan	WJSN The Black		Leader	exy_s2	
Profile	Luda	Lee Luda	이루다	루다	1997-03-06	WJSN	South Korea		157	0	Seoul	WJSN Chocome, WJMK				
Profile	Seola	Kim Hyunjung	김현정	설아	1994-12-24	WJSN	South Korea		165	0	Seoul	WJMK, WJSN The Black			seola_s	
Profile	Soobin	Park Soobin	박수빈	수빈	1996-09-14	WJSN	South Korea		159	0	Seoul	WJSN Chocome				
Profile	Yeonjung	Yu Yeonjung	유연정	연정	1999-08-03	WJSN	South Korea		167	52	Gwangmyeong		I.O.I		uyj_s	
Profile	Yeoreum	Lee Jinsook	이진숙	여름	1999-01-10	WJSN	South Korea		161	0	Seoul	WJSN Chocome				
Profile	Doyeon	Kim Doyeon	김도연	도연	1999-12-04	Weki Meki	South Korea		0	0	Incheon	I.O.I, WJMK				
Profile	Elly	Jung Haerim	정해림	엘리	1998-07-20	Weki Meki	South Korea		0	0						
Profile	Lua	Kim Sookyung	김수경	루아	2000-10-06	Weki Meki	South Korea		0	0						
Profile	Lucy	Noh Hyojung	노효정	루시	2002-08-31	Weki Meki	South Korea		0	0	Goyang					
Profile	Rina	Kang Soeun	강소은	리나	2001-09-27	Weki Meki	South Korea		0	0						
Profile	Sei	Lee Seojung	이서정	세이	2000-01-07	Weki Meki	South Korea		0	0						
Profile	Suyeon	Ji Suyeon	지수연	수연	1997-04-20	Weki Meki	South Korea		0	0						
Profile	Yoojung	Choi Yoojung	최유정	유정	1999-11-12	Weki Meki	South Korea		0	0	Guri	I.O.I, WJMK				
Profile	Jaehee	Lee Jaehee	이재희	재희	2004-03-18	Weeekly	South Korea		166	0				Rapper, Sub Vocal		
Profile	Jihan	Han Jihyo	한지효	지한	2004-07-12	Weeekly	South Korea		0	0				Lead Vocal		
Profile	Monday	Kim Jimin	김지민	먼데이	2002-05-10	Weeekly	South Korea		172	0				Main Vocal, Main Dancer		
Profile	Soeun	Park Soeun	박소은	소은	2002-10-26	Weeekly	South Korea		168	0				Lead Vocal, Lead Dancer		
Profile	Soojin	Lee Soojin	이수진	수진	2001-12-12	Weeekly	South Korea		165	0				Leader, Main Dancer, Sub Vocal		
Profile	Zoa	Cho Hyewon	조혜원	조아	2005-05-31	Weeekly	South Korea		170	0				Rapper, Sub Vocal		
	Doa	Im Youngseo	임영서	도아	2001-10-29	We;Na	South Korea		158	44						
	Euna			은아	2003-05-25	We;Na	South Korea		164	0						
	Wony	Ahn Seungwon	안승원	워니	2004-10-04	We;Na	South Korea		155	0						
	Yeonseo	Ryu Yeonseo	류연서	연서	2004-09-26	We;Na	South Korea		158	45						
	Jiae	Kim Jiae	김지애	지애	1995-10-31	Wassup	South Korea		0	0						
	Nari	Kim Nari	김나리	나리	1992-10-05	Wassup	South Korea		0	0						
	Sujin	Bang Sujin	방수진	수진	1996-06-26	Wassup	South Korea		0	0						
	Woojoo	Kim Woojoo	김우주	우주	1996-08-12	Wassup	South Korea		0	0						
Profile	Eunha	Jung Eunbi	정은비	은하	1997-05-30	VIVIZ	South Korea		163	0	Seoul		Gfriend			
Profile	SinB	Hwang Eunbi	황은비	신비	1998-06-03	VIVIZ	South Korea		165	0	Cheongju		Gfriend			
Profile	Umji	Kim Yewon	김예원	엄지	1998-08-19	VIVIZ	South Korea		163	0	Incheon		Gfriend			
	Elisia	Elisia Lyrisse Parmisano	엘리시아 리리스 파르미사노	엘리시아	2009-04-18	UNIS	Philippines		163	0						
	Gehlee	Gehlee Dangca	젤리 당카	젤리	2007-08-19	UNIS	Philippines		165	0	Las Pinas					
	Kotoko	Fujiyosi Kotoko	후지요시 코토코	코토코	2007-10-28	UNIS	Japan		157	0						
	Nana	Ezumi Nana	에즈미 나나	나나	2007-06-06	UNIS	Japan		165	0	Tokyo					
	Seowon	Lim Seowon	임서원	서원	2011-01-27	UNIS	South Korea		0	0						
	Yoona	Oh Yoona	오윤아	윤아	2009-10-07	UNIS	South Korea		162	0						
	Yunha	Bang Yunha	방윤하	윤하	2009-02-28	UNIS	South Korea		161	0						
	Hyunjoo	Lee Hyunjoo	이현주	현주	1998-02-05	UNI.T	South Korea		0	0	Seoul		APRIL			
	Jiwon	Yang Jiwon	양지원	지원	1988-04-05	UNI.T	South Korea		0	0	Seoul	SPICA-S	SPICA			
	NC.A	Im Soeun	임소은	앤씨아	1996-10-07	UNI.T	South Korea		0	0	Osan					
	Suji	Lee Suji	이수지	수지	1998-03-20	UNI.T	South Korea		0	0	Busan		The Ark			
	Yoonjo	Shin Yoonjo	신윤조	윤조	1992-12-14	UNI.T	South Korea		0	0	Seoul		Hello Venus			
	Eun	Choi Eunmi	최은미	은	1990-05-14	Two X	South Korea		0	0						
	Eunyoung	Joo Eunyoung	주은영	은영	1992-06-12	Two X	South Korea		0	0						
	Jiyou	Im Changsook	임창숙	지유	1989-06-15	Two X	South Korea		0	0						
	Surin	Kim Surin	김수린	수린	1991-12-27	Two X	South Korea		0	0						
Profile	Chaeyoung	Son Chaeyoung	손채영	채영	1999-04-23	Twice	South Korea		159	0	Seoul					
Profile	Dahyun	Kim Dahyun	김다현	다현	1998-05-28	Twice	South Korea		165	0	Seongnam					
Profile	Jeongyeon	Yoo Jeongyeon	유정연	정연	1996-11-01	Twice	South Korea		168	0	Suwon					
Profile	Jihyo	Park Jisoo	박지수	지효	1997-02-01	Twice	South Korea		162	0	Guri			Leader, Main Vocal		
Profile	Mina	Myoui Mina	묘이 미나	미나	1997-03-24	Twice	Japan		163	0	San Antonio	MISAMO				
Profile	Momo	Hirai Momo	히라이 모모	모모	1996-11-09	Twice	Japan		167	0	Kyoto	MISAMO				
Profile	Nayeon	Im Nayeon	임나연	나연	1995-09-22	Twice	South Korea		163	0	Seoul					
Profile	Sana	Minatozaki Sana	미나토자키 사나	사나	1996-12-29	Twice	Japan		168	0	Osaka	MISAMO				
Profile	Tzuyu	Chou Tzuyu	저우쯔위	쯔위	1999-06-14	Twice	Taiwan		169	0	Tainan					
	Chaeyeon	Kim Chaeyeon	김채연	채연	2004-12-04	tripleS	South Korea		0	0			Busters			
	Dahyun	Seo Dahyun	서다현	다현	2003-01-08	tripleS	South Korea		160	0	Busan					
	Hayeon	Jeong Hayeon	정하연	하연	2007-08-01	tripleS	South Korea		166	0						
	Hyerin	Jeong Hyerin	정혜린	혜린	2007-04-12	tripleS	South Korea		0	0						
	Jiwoo	Lee Jiwoo	이지우	지우	2005-10-24	tripleS	South Korea		0	0						
	Joobin	Joo Bin	주빈	주빈	2009-01-16	tripleS	South Korea		167	0						
	Kaede	Yamada Kaede	야마다 카에데	카에데	2005-12-20	tripleS	Japan		160	0	Toyama					
	Kotone	Kamimoto Kotone	카미모토 코토네	코토네	2004-03-10	tripleS	Japan		162	0	Tokyo					
	Lynn	Kawakami Rin	카와카미 린	린	2006-04-12	tripleS	Japan		171	0						
	Mayu	Kouma Mayu	코우마 마유	마유	2001-05-12	tripleS	Japan		155	0	Tomioka					
	Nakyung	Kim Nakyung	김나경	나경	2002-10-13	tripleS	South Korea		166	0	Ulsan					
	Nien	Hsu Nien Tsu	쉬니엔츠	니엔	2003-06-02	tripleS	Taiwan	Vietnam	169	0	Taipei					
	Seoyeon	Yoon Seoyeon	윤서연	서연	2003-08-06	tripleS	South Korea		0	0						
	Shion	Park Shion	박시온	시온	2006-04-03	tripleS	South Korea		166	0	Daejeon					
	Sohyun	Park Sohyun	박소현	소현	2002-10-13	tripleS	South Korea		167	0	Seoul					
	Soomin	Kim Soomin	김수민	수민	2007-10-03	tripleS	South Korea		158	0	Daegu					
	Xinyu	Zhou Xinyu	저우신위	신위	2001-05-25	tripleS	China		174	0	Beijing					
	Yeonji	Kwak Yeonji	곽연지	연지	2008-01-08	tripleS	South Korea		162	0	Gwangju					
	Yooyeon	Kim Yooyeon	김유연	유연	2001-02-09	tripleS	South Korea		164	46	Seoul					
	Yubin	Gong Yubin	공유빈	유빈	2005-02-03	tripleS	South Korea		163	0	Yongin					
	Hyunbin	Kim Hyunbin	김현빈‬	현빈‬	2004-05-26	TRI.BE	South Korea		0	0						
	Jia	Guo Jiajia	궈 지아지아	지아	2005-07-30	TRI.BE	China		0	0						
	Jinha	Kim Jinha	김진하	진하	2003-11-21	TRI.BE	South Korea		0	0						
	Kelly	Lin Kelly	린 켈리	켈리	2002-01-16	TRI.BE	Taiwan		0	0	Kaohsiung					
	Mire	Su Mire	수미레	미레	2006-03-26	TRI.BE	Japan		0	0						
	Soeun	Bang Soeun	방소은	소은	2005-12-10	TRI.BE	South Korea		0	0						
	SongSun	Kim Songsun	김송선	송선	1997-03-22	TRI.BE	South Korea		0	0						
	Alice	Cheon Jaeyoung	천재영	앨리스	2002-02-20	TRACER	South Korea		0	0						
	Genie	Cho Heejin	조희진	지니	2002-03-19	TRACER	South Korea		0	0						
	Sowon	Nam Soeun	남소은	소원	2004-12-13	TRACER	South Korea		0	0						
	Yubeen	Jin Yubeen	진유빈	유빈	2006-09-05	TRACER	South Korea		0	0						
	Dohee	Min Dohee	민도희	도희	1994-09-25	Tiny-G	South Korea		152	39						
	J.Min	Shin Minjung	신민정	제이민	1994-11-20	Tiny-G	South Korea		155	0						
	Mint	Kunpat Phonpawiworakun	쿤팟 퍼언빠위워라쿤	민트	1994-06-23	Tiny-G	Thailand		150	42						
	Myungji	Kim Myungji	김명지	명지	1997-10-09	Tiny-G	South Korea		164	0						
	Ari	Kim Sunyoung	김선영	아리	1994-10-23	Tahiti	South Korea		0	0	Daegu					
	Jerrry	Ahn Sohyun	안소현	제리	1992-08-27	Tahiti	South Korea		0	0	Seoul					
	Jisoo	Shin Jisoo	신지수	지수	1994-02-28	Tahiti	South Korea		0	0	Chuncheon					
	Minjae	Shin Minjae	신민재	민재	1991-08-13	Tahiti	South Korea		0	0	Busan					
	Miso	Park Miso	박미소	미소	1991-04-04	Tahiti	South Korea		0	0	Gwangju					
Profile	Eunjung	Ham Eunjung	함은정	은정	1988-12-12	T-ara	South Korea		167	47	Seoul				sweetgirl_eunjung	
Profile	Hyomin	Park Sunyoung	박선영	효민	1989-05-30	T-ara	South Korea		167	43	Busan				hyominnn	
Profile	Jiyeon	Park Jiyeon	박지연	지연	1993-06-07	T-ara	South Korea		167	45	Seoul				jiyeon2__	
Profile	Qri	Lee Jihyun	이지현	큐리	1986-12-12	T-ara	South Korea		162	44	Goyang				qtfreet	
Profile	Gayoung	Kim Gayoung	김가영	가영	1991-12-02	Stellar	South Korea		0	0	Seoul					
Profile	Hyeoeun	Lee Hyoeun	이효은	효은	1993-03-16	Stellar	South Korea		0	0	Seoul					
Profile	Jeonyul	Jeon Yuri	전유리	전율	1994-03-20	Stellar	South Korea		0	0	Seoul					
Profile	Minhee	Joo Minhee	주민희	민희	1993-01-03	Stellar	South Korea		0	0	Seoul					
Profile	Isa	Lee Chaeyoung	이채영	아이사	2002-01-23	STAYC	South Korea		165	45	Busan					
Profile	J	Jang Yeeun	장예은	제이	2004-12-09	STAYC	South Korea		170	48	Daejeon					
Profile	Seeun	Yoon Seeun	윤세은	세은	2003-06-14	STAYC	South Korea		167	49	Pyeongtaek					
Profile	Sieun	Park Sieun	박시은	시은	2001-08-01	STAYC	South Korea		160	44	Seoul					
Profile	Sumin	Bae Sumin	배수민	수민	2001-03-13	STAYC	South Korea		159	46	Pohang					
Profile	Yoon	Shim Jayoon	심자윤	윤	2004-04-14	STAYC	South Korea		171	49	Gwangju					
	Narae	Park Narae	박나래	나래	1988-02-23	SPICA	South Korea		0	0	Incheon	SPICA-S	SPICA			
	Sihyun	Park Sihyun	박시현	시현	1986-11-29	SPICA	South Korea		0	0		SPICA-S	SPICA			
Profile	D.ana	Cho Eunae	조은애	디애나	1995-09-10	Sonamoo	South Korea		170	0	Seoul			Rapper		SONAMOO_Dana
Profile	Euijin	Hong Euijin	홍의진	의진	1996-10-08	Sonamoo	South Korea		168	0	Gwangju	UNI.T				SONAMOO_EuiJin
Profile	High.D	Kim Dohee	김도희	하이디	1996-12-21	Sonamoo	South Korea		165	0	Suwon			Main Vocalist		SONAMOO_HighD
Profile	Minjae	Seong Minjae	성민재	민재	1994-12-18	Sonamoo	South Korea		165	0	Busan			Lead Vocalist		SONAMOO_MinJae
Profile	Nahyun	Kim Nahyun	김나현	나현	1995-12-09	Sonamoo	South Korea		170	0	Seoul					SONAMOO_Nahyun
Profile	New Sun	Choi Yoonsun	최윤선	뉴썬	1997-06-19	Sonamoo	South Korea		172	0				Rapper		SONAMOO_NewSun
Profile	Sumin	Ji Sumin	지수민	수민	1994-03-03	Sonamoo	South Korea		168	0	Yongin			Leader		SONAMOO_SuMin
	Hyoyeon	Kim Hyoyeon	김효연	효연	1989-09-22	SNSD	South Korea		158	48	Incheon				watasiwahyo	
	Seohyun	Seo Joohyun	서주현	서현	1991-06-28	SNSD	South Korea		168	48	Seoul	TTS			seojuhyun_s	
	Sooyoung	Choi Sooyoung	최수영	수영	1990-02-10	SNSD	South Korea		170	48	Gwangju				hotsootuff	
	Sunny	Lee Sunkyu	이순규	써니	1989-05-15	SNSD	South Korea		158	43	California				svnnynight	
Profile	Taeyeon	Kim Taeyeon	김태연	태연	1989-03-09	SNSD	South Korea		160	44	Jeonju	TTS, Oh!GG		Leader, Main Vocalist	taeyeon_ss	
	Tiffany	Hwang Miyoung	황미영	티파니	1989-08-01	SNSD	South Korea	USA	163	50	San Francisco	TTS			xolovestephi	
	Yoona	Im Yoona	임윤아	윤아	1990-05-30	SNSD	South Korea		166	47	Seoul				yoona__lim	
	Yuri	Kwon Yuri	권유리	유리	1989-12-05	SNSD	South Korea		167	45	Goyang				yulyulk	
	Bora	Yoon Bora	윤보라	보라	1989-12-30	SISTAR	South Korea		0	0		SISTAR19			borabora_sugar	
	Dasom	Kim Dasom	김다솜	다솜	1993-05-06	SISTAR	South Korea		0	0					som0506	
	Hyorin	Kim Hyojung	김효정	효린	1990-12-11	SISTAR	South Korea		0	0		SISTAR19			xhyolynx	
	Soyou	Kang Jihyun	강지현	소유	1992-02-12	SISTAR	South Korea		0	0					soooo_you	
	Dita	Dita Karang	디타 가랑	디타	1996-12-25	SECRET NUMBER	Indonesia		0	0	Yogyakarta					
	Jinny	Park Jinhee	박진희	지니	1998-01-19	SECRET NUMBER	South Korea	USA	0	0	California					
Profile	Lea	Ogawa Mizuki	오가와 미즈키	레아	1995-08-12	SECRET NUMBER	Japan		169	0	Tokyo		Skarf			
	Minji	Park Minji	박민지	민지	1999-03-31	SECRET NUMBER	South Korea		164	49	Yongin					
	Soodam	Lee Soodam	이수담	수담	1999-11-09	SECRET NUMBER	South Korea		0	0						
	Zuu	Ji Yeongju	지영주	주	2000-03-24	SECRET NUMBER	South Korea		160	41						
Profile	Hana	Jung Hana	정하나	하나	1990-02-02	SECRET	South Korea		0	0	Uljeongbu					supahana
Profile	Hyosung	Jun Hyoseong	전효성	효성	1989-10-13	SECRET	South Korea		0	0	Cheongju				secrettimehs	
Profile	Jieun	Song Jieun	송지은	지은	1990-05-05	SECRET	South Korea		0	0	Seoul				secret_jieunssong	
	Ayeon	Son Minji	손민지	아연	2002-09-29	Saturday	South Korea		162	47						
	Haneul	Choi Haneul	최하늘	하늘	2000-11-28	Saturday	South Korea		158	43						
	Juyeon	Lee Juyeon	이주연	주연	2001-11-06	Saturday	South Korea		164	44						
	Minseo	Park Minseo	박민서	민서	2003-03-21	Saturday	South Korea		163	45						
	Yuki	Lim Jiyeon	임지연	유키	2002-01-30	Saturday	South Korea		161	44						
	Jisun	Hwang Jisun	황지선	지선	1989-10-17	S#aFLA	South Korea		165	46			Girl's Day, New F.O			
	Seulgi	Jeong Seulgi	정슬기	슬기	1990-05-12	S#aFLA	South Korea		0	0						
	Suhyeon	Kim Seunghyun	김승현	수현	1988-04-19	S#aFLA	South Korea		0	0			1PS			
	Yujin	Jeong Yujin	정유진	유진	1989-10-23	S#aFLA	South Korea		0	0			D-Unit			
	Della	Park Sehyun	박세현	델라	1995-09-03	Rockit Girl	South Korea		0	0						
	Han Leeseul	Han Jiyoon	한지윤	한이슬	2000-02-12	Rockit Girl	South Korea		0	0						
	Dahyun	Jeong Dahyun	정다현	다현	2005-04-29	Rocket Punch	South Korea		160	0						
	Juri	Takahashi Juri	타카하시 쥬리	쥬리	1997-10-03	Rocket Punch	Japan		160	44						
	Sohee	Kim Sohee	김소희	소희	2003-08-14	Rocket Punch	South Korea		161	46						
	Suyun	Kim Suyun	김수윤	수윤	2001-03-17	Rocket Punch	South Korea		169	52						
	Yeonhee	Kim Yeonhee	김연희	연희	2000-12-06	Rocket Punch	South Korea		161	0						
	Yunkyung	Seo Yunkyung	서윤경	윤경	2001-11-01	Rocket Punch	South Korea		161	0						
	Liv	Jin Kyungeun	진경은	리브	2006-10-11	RESCENE	South Korea		0	0	Suwon					
	May	Lee Yebin	이예빈	메이	2008-08-19	RESCENE	South Korea		0	0	Goyang					
	Minami	Ito Minami	이토 미나미	미나미	2006-11-29	RESCENE	Japan		0	0	Chiba					
	Woni	Jeong Woni	정원이	원이	2004-05-25	RESCENE	South Korea		0	0	Gyeoje					
	Zena	Kim Gayoung	김가영	제나	2008-11-27	RESCENE	South Korea		0	0	Gyeongju					
	Bomin	Kim Bomin	김보민	보민	2001-09-24	RedSquare	South Korea		0	0	Gwangju		Good Day	Dancer		
	Lina	Oh Hyesoo	오혜수	리나	1997-05-23	RedSquare	South Korea		0	0						
Profile	Irene	Bae Juhyun	배주현	아이린	1991-03-29	Red Velvet	South Korea		161	0	Daegu	Red Velvet - IRENE SEULGI				
Profile	Joy	Park Sooyoung	박수영	조이	1996-09-03	Red Velvet	South Korea		163	0	Jeju					
Profile	Seulgi	Kang Seulgi	강슬기	슬기	1994-02-10	Red Velvet	South Korea		162	0	Seoul	Red Velvet - IRENE SEULGI				
Profile	Wendy	Son Seunghwan	손승완	웬디	1994-02-21	Red Velvet	South Korea		160	0	Seoul					
Profile	Yeri	Kim Yerim	김예림	예리	1999-03-05	Red Velvet	South Korea		158	0	Seoul					
	Hyunyoung	Cho Hyunyoung	조현영	현영	1991-08-11	Rainbow	South Korea		160	41	Seoul	Rainbow Blaxx, Rainbow Pixie				
	Jaekyung	Kim Jaekyung	김재경	재경	1988-12-24	Rainbow	South Korea		168	45	Seoul	Rainbow Blaxx				
	Jisook	Kim Jisook	김지숙	지숙	1990-07-18	Rainbow	South Korea		164	41	Suwon	Rainbow Pixie				
	Noeul	No Eul	노을	노을	1989-05-10	Rainbow	South Korea		164	44	Jeonju					
	Seungah	Oh Seungah	오승아	승아	1988-09-13	Rainbow	South Korea		167	45	Seoul	Rainbow Blaxx, Rainbow Pixie				
	Woori	Go Woori	고우리	우리	1988-02-22	Rainbow	South Korea		165	44	Jeonju	Rainbow Blaxx				
	Yoonhye	Jung Yoonhye	정윤혜	윤혜	1990-04-14	Rainbow	South Korea		166	47	Daejeon					
	Ahyoon	Shin Ahyoon	신아윤	아윤	2003-09-24	Queenz Eye	South Korea		0	0	Seoul					
	Damin	Kang Damin	강다민	다민	2004-03-24	Queenz Eye	South Korea		166	42	Seoul					
	Hannah	Bae Hyunyoung	배현영	해나	1999-10-23	Queenz Eye	South Korea		0	0	Seongnam					
	Narin	Lee Eunseo	이은서	나린	2000-06-06	Queenz Eye	South Korea		0	0						
	Wonchae	Hwang Chaewon	황채원	원채	2002-12-22	Queenz Eye	South Korea		163	0	Incheon					
	Layeon	Lee Jimin	이지민	라연	1998-08-13	Purplebeck	South Korea		170	51						
	Mini			민이	2000-06-12	Purplebeck	South Korea		168	47						
	Seyeon	Park Seyeon	박세연	세연	2001-05-06	Purplebeck	South Korea		167	46						
	Yeowool	Ha Yeowool	하여울	여울	1998-04-11	Purplebeck	South Korea		163	46						
	Yerim	Jeong Yerim	정예림	예림	1997-03-10	Purplebeck	South Korea		165	44						
	Chaein	Lee Chaeyoung	이채영	채인	2002-12-05	Purple Kiss	South Korea		0	0						
	Dosie	Jang Eunseung	장은성	도시	2000-02-11	Purple Kiss	South Korea		0	0						
	Goeun	Na Goeun	나고은	고은	1999-09-03	Purple Kiss	South Korea		160	44						
	Ireh	Cho Seoyoung	조서영	이레	2002-04-30	Purple Kiss	South Korea		0	0						
	Swan	Park Soojin	박수진	수안	2003-07-11	Purple Kiss	South Korea		0	0						
	Yuki	Mori Koyuki	모리 코유키	유키	2002-11-06	Purple Kiss	Japan		0	0						
	Blue	Jung Gahee	정가희	파랑	1994-01-18	Pungdeng-E	South Korea		161	0	Gwangju					
	Red	Lee Heejin	이희진	빨강	1991-07-10	Pungdeng-E	South Korea		163	0	Daegu					
	Yellow	Kim Eunbi	김은비	노랑	1993-05-05	Pungdeng-E	South Korea		156	0	Seoul					
Profile	Kyla	Kyla Massie	카일라 매시	카일라	2001-12-26	Pristin	USA	South Korea	0	0	California					
Profile	Kyulkyung	Zhou Jieqiong	저우제충	결경	1998-12-16	Pristin	China		167	49	Taizhou	I.O.I, Pristin V				
Profile	Nayoung	Im Nayoung	임나영	나영	1995-12-18	Pristin	South Korea		171	51	Chungcheongham	I.O.I, Pristin V				
Profile	Sungyeon	Bae Sungyeon	배성연	성연	1999-05-25	Pristin	USA	South Korea	0	0	California					
Profile	Xiyeon	Park Junghyun	박정현	시연	2000-11-14	Pristin	South Korea		164	51						
Profile	Yehana	Kim Yewon	김예원	예하나	1999-02-22	Pristin	South Korea		0	0	Ilsan					
	Hayun	Ha Seyun	하세윤	하윤	2003-11-20	PRIMROSE	South Korea		163	0						
	Nahyun	Kang Nahyun	강나현	나현	2002-01-25	PRIMROSE	South Korea		0	0			HOT ISSUE			
	Rainie	Chu Chingyu	주칭위	레이니	2000-11-16	PRIMROSE	Taiwan		0	0			bugAboo			
	Ruby	Heo Jiwon	허지원	루비	2002-08-21	PRIMROSE	South Korea		0	0						
	EunB	Byun Eunbi	변은비	은비	2000-11-23	PRECIOUS	South Korea		164	49	Busan					
	Hanbyul	Kyung Hanbyul	경한별	한별	2005-07-01	PRECIOUS	South Korea		167	49	Seoul					
	Hanwoom	Byun Hanwoom	변한움	한움	2001-06-05	PRECIOUS	South Korea		160	43	Seoul					
	Jihyo	Lee Jihyo	이지효	지효	2001-04-22	PRECIOUS	South Korea		166	49	Gyeonggi					
	Lee Soo	Jin Isoo	진이수	이수	2001-06-27	PRECIOUS	South Korea		163	47	Incheon					
	Eunjin	Ma Eunjin	마은진	은진	1997-05-23	Playback	South Korea		165	49	Wonju				sunghyuk_seo	
	Hayoung	Lee Hayoung	이하영	하영	1993-08-03	Playback	South Korea		0	0						
	Woolim	Hwang Woolim	황우림	우림	1996-08-29	Playback	South Korea		0	0						
	Yujin	Seo Yoojin	소유진	유진	1994-06-18	Playback	South Korea		0	0						
	Yunji	Lee Yunji	이윤지	윤지	1992-04-04	Playback	South Korea		0	0						
	Dajeong	Jung Dajeong	정다정	다정	2003-07-31	Pixy	South Korea		157	42						
	Dia	Choi Eunji	최은지	디아	2001-07-16	Pixy	South Korea		165	0						
	Lola	Choi Yoojung	최유정	로라	2001-02-22	Pixy	South Korea		169	0						
	Rinji	Hwang Rinji	황린지	린지	2006-05-05	Pixy	South Korea		169	0						
	Sua	Choi Sooah	최수아	수아	2003-02-24	Pixy	South Korea		162	44						
	Arang	Park Yerim	박예림	아랑	2001-01-22	Pink Fantasy	South Korea		167	49						
	Daewang Nim	Daewang Nim	대왕님	대왕님	1996-04-08	Pink Fantasy	South Korea		162	49						
	Harin	Park Guenhye	박근혜	하린	2000-05-26	Pink Fantasy	South Korea		164	48						
	Heesun	Park Heesun	박희선	희선	2005-01-25	Pink Fantasy	South Korea		162	45						
	Miku	Katae Miku	카타에 미쿠	미쿠	2002-10-09	Pink Fantasy	Japan		0	0						
	Momoka	Matsuda Momoka	마쓰다 모모카	모모카	2000-12-26	Pink Fantasy	Japan		152	0						
	Seea	Kang Eunyoung	강은영	시아	1994-08-21	Pink Fantasy	South Korea		160	43						
	Yechan	Kim Yechan	김예찬	예찬	1995-11-26	Pink Fantasy	South Korea		159	45						
	Ahyung	Kang Ahyoung	강아형	아형	1996-08-27	P.O.P	South Korea		0	0	Pohang					
	Haeri	Jung Haeri	정해리	해리	1997-01-14	P.O.P	South Korea		0	0	Seoul					
	Miso	Park Jihyun	박지현	미소	1996-09-16	P.O.P	South Korea		0	0	Busan					
	Seol	Min Jihye	민지혜	설	1997-01-01	P.O.P	South Korea		0	0	Gunsan					
	Yeonha	Ahn Yeonji	안연지	연하	2000-05-19	P.O.P	South Korea		0	0	Yeondong					
	Yeonjoo	Song Yeonjoo	정연주	연주	1997-06-26	P.O.P	South Korea		0	0	Ansan					
Profile	Arin	Choi Yewon	최예원	아린	1999-06-18	Oh My Girl	South Korea		163	47	Busan					
Profile	Hyojung	Choi Hyojung	최효정	효정	1994-07-28	Oh My Girl	South Korea		160	46	Yangyang					
Profile	Mimi	Kim Mihyun	김미현	미미	1995-05-01	Oh My Girl	South Korea		163	50	Jeju					
Profile	Seunghee	Hyun Seunghee	현승희	승희	1996-01-25	Oh My Girl	South Korea		160	48	Chuncheon					
Profile	Yooa	Yoo Siah	유시아	유아	1995-09-17	Oh My Girl	South Korea		160	50	Seoul					
Profile	Yubin	Bae Yubin	배유빈	유빈	1997-09-09	Oh My Girl	South Korea		161	49	Chuncheon					
Profile	Bae	Bae Jinsol	배진솔	배이	2004-12-28	NMIXX	South Korea		0	0						
Profile	Haewon	Oh Haewon	오해원	해원	2003-02-25	NMIXX	South Korea		0	0						
Profile	Jiwoo	Kim Jiwoo	김지우	지우	2005-04-13	NMIXX	South Korea		0	0						
Profile	Kyujin	Jang Kyujin	장규진	규진	2006-05-26	NMIXX	South Korea		0	0						
Profile	Lily	Lily Jin Morrow	릴리 진 머로우	릴리	2002-10-17	NMIXX	Australia	South Korea	0	0	Marysville					
Profile	Sullyoon	Seol Yoona	설윤아	설윤	2004-01-26	NMIXX	South Korea		0	0						
Profile	Danielle	Mo Jihye	모지혜	다니엘	2005-04-11	NewJeans	South Korea	Australia	165	0	Munsan					
Profile	Haerin	Kang Haerin	강해린	해린	2006-05-15	NewJeans	South Korea		165	0	Gimcheon					
Profile	Hanni	Pham Ngoc Han	팜응옥헌	하니	2004-10-06	NewJeans	Vietnam		162	0	Melbourne					
Profile	Hyein	Lee Hyein	이혜인	혜인	2008-04-21	NewJeans	South Korea		170	0	Incheon					
Profile	Minji	Kim Minji	김민지	민지	2004-05-07	NewJeans	South Korea		169	0	Yeongwol					
	Aurora	Yang Lan	양안	오로라	1997-01-14	NATURE	China		0	0						
	Chaebin	Choi Yoobin	최유빈	채빈	1999-07-28	NATURE	South Korea		0	0						
	Haru	Abe Haruno	아베 하루노	하루	2000-02-21	NATURE	Japan		0	0						
	Loha	Kang Yejin	강예진	로하	2001-12-27	Nature	South Korea		171	0						
	Lu	Im Hayoung	임하영	루	1997-12-03	NATURE	South Korea		0	0						
	Saebom	Kim Saerok	김새록	새봄	1997-01-30	NATURE	South Korea		0	0						
	Sohee	Kim Sohee	소희	김소희	1995-01-20	Nature	South Korea		162	41	Busan	C.I.V.A	I.B.I			
	Sunshine	Kim Minjung	김민정	선샤인	2002-06-20	NATURE	South Korea		0	0						
	Uchae	Yu Hyejun	유혜준	유채	2002-05-07	NATURE	South Korea		0	0						
Profile	AhIn	Lee Ahin	이아인	아인	1999-09-27	MOMOLAND	South Korea		160	44	Wonju					
Profile	Hyebin	Lee Hyebin	이혜빈	혜빈	1996-01-12	MOMOLAND	South Korea		165	44	Andong					
Profile	Jane	Sung Jiyeon	성지연	제인	1997-12-20	MOMOLAND	South Korea		167	46	Changwon					
Profile	Joo E	Lee Joowon	이주원	주이	1999-08-18	MOMOLAND	South Korea		164	45	Bucheon					
Profile	Nancy	Nancy Mcdonie	낸시 맥다니	낸시	2000-04-13	MOMOLAND	South Korea	USA	162	45	Daegu					
Profile	Nayun	Kim Nayun	김나윤	나윤	1998-07-31	MOMOLAND	South Korea		167	48	Seoul					
	Arie	Jeon Minjae	전민재	아리	2000-04-07	MIXX	South Korea		163	45						
	Hanna	Shin Jiyeon	신지연	한나	1994-02-19	MIXX	South Korea		170	48				Leader		
	Heeyu	Choi Heejae	최희재	희유	1995-06-30	MIXX	South Korea		159	0						
	Liyah	Moon Liya	문리야	리야	2000-05-11	MIXX	South Korea		175	52						
	Mia	Son Hyunmi	손현미	미아	1997-12-31	MIXX	South Korea		174	0						
	Fei	Wang FeiFei	왕페이페이	페이	1987-04-27	miss A	China		165	0	Haikou				ff0427	
	Jia	Meng Jia	멍지아	지아	1989-02-03	miss A	China		166	0	Changja				mjbaby0203	
	Min	Lee Minyoung	이민영	민	1991-06-21	miss A	South Korea		161	0	Seoul				therealminnn	
	Suzy	Bae Suji	배수지	수지	1994-10-10	miss A	South Korea		168	0	Gwangju				skuukzky	
	Hyori	Inn Hyori	인효리	효리	2000-06-02	mimiirose	South Korea		161	0						
	Jia	Yoon Jia	윤지아	지아	2004-01-16	mimiirose	South Korea		165	0	Incheon					
	Yeonjae	Choi Yeonjae	최연재	연재	2000-12-06	mimiirose	South Korea		171	0						
	Yewon	Han Yewon	한예원	예원	2003-02-07	mimiirose	South Korea		170	0	Seoul					
	Yunju	Seo Yunju	서윤주	윤주	2005-12-26	mimiirose	South Korea		162	0	Pohang					
Profile	Chahee	Park Sooyoung	박수영	차희	1996-03-24	MELODYDAY	South Korea		167	0				Sub Vocalist	hichaheebye	
Profile	Yein	Ahn Yein	안예인	예인	1995-05-04	MELODYDAY	South Korea		168	0				Lead Vocalist	yen_thankful954	
Profile	Yeoeun	Jung Jieun	정지은	여은	1990-01-25	MELODYDAY	South Korea		169	0				Leader	yeosilver	
Profile	Yoomin	Na Yoomin	나유민	유민	1993-08-29	MELODYDAY	South Korea		165	0				Main Rapper	im.umin	
	Dan-a	Park Seungyeon	박승연	단아	1993-06-26	Matilda	South Korea		0	160						
	Haena	Lee Haena	이해나	해나	1991-06-02	Matilda	South Korea		0	165						
	Saebyeol	Han Saebyeol	한새별	새별	1996-05-23	Matilda	South Korea		0	168						
	Semmi	Oh Heesun	오희선	세미	1995-10-22	Matilda	South Korea		0	165						
	Hwasa	Ahn Hyejin	안혜진	화사	1995-07-23	Mamamoo	South Korea		162	44	Jeonju			Lead Vocalist		
	Moonbyul	Moon Byulyi	문별이	문별	1992-12-22	Mamamoo	South Korea		165	45	Bucheon			Main Rapper		
Profile	Solar	Kim Yongsun	김용선	솔라	1991-02-21	Mamamoo	South Korea		163	43	Seoul			Leader		
	Wheein	Jung Wheein	정휘인	휘인	1995-04-17	Mamamoo	South Korea		162	43	Jeonju			Lead Vocalist		
	Chaewon	Lee Chaewon	이채원	채원	2000-03-18	Maka Maka	South Korea		0	0						
	Daseul	Yang Daseul	양다슬	다슬	2000-09-14	Maka Maka	South Korea		0	0						
	Dia	Kwak Minnyeong	곽민녕	디아	1999-09-03	Maka Maka	South Korea		0	0						
	EunB	Shin Eunbi	신은비	은비	2000-09-17	Maka Maka	South Korea		0	0			Lip Bubble			
	Heesu	Kim Heesu	김희수	희수	1998-03-24	Maka Maka	South Korea		0	0						
	Aki	Jang Minju	장민주	아키	2001-02-12	MAJORS	South Korea		168	48						
	Bian	Yu Jiwon	유지원	비안	2001-02-13	MAJORS	South Korea		0	0			ANS			
	Ida	Ko Chaeyoung	고채영	아이다	2000-05-19	MAJORS	South Korea		163	43						
	Shinye	Kam Yerim	감예림	신예	2004-03-07	MAJORS	South Korea		166	46						
	Suzy	Kim Suji	김수지	수지	2001-06-03	MAJORS	South Korea		164	45						
	Vita	Kim Jimin	김지민	비타	2000-02-03	MAJORS	South Korea		168	54						
	Gaeun	Oh Gaeun	오가은	가은	2005-11-08	Madein	South Korea		165	0		LIMELIGHT				
	Mashiro	Sakamoto Mashiro	사카모토 마시로	마시로	1999-12-16	Madein	Japan		157	0		Kep1er				
	MiU	Ito Miyu	이토 미유	미유	2003-01-09	Madein	Japan		164	42	Tokyo	LIMELIGHT				
	Nagomi	Abe Nagomi	아베 나고미	나고미	2007-07-02	Madein	Japan		156	0	London					
	Serina	Saito Serina	사이토 세리나	세리나	2006-05-03	Madein	Japan		164	0	Osaka					
	Suhye	Kim Suhye	김수혜	수혜	2004-12-13	Madein	South Korea		158	40	Incheon	LIMELIGHT				
	Yeseo	Kang Yeseo	강예서	예서	2005-08-22	Madein	South Korea		157	0		Kep1er	Busters			
	Harin			하린	1995-11-21	Lusty	South Korea		160	43	Seoul			Sub Vocal		
	Isol			이솔	1997-05-01	Lusty	South Korea		166	48	Seoul			Main Vocal		
	Jinhui			진희	1996-11-21	Lusty	South Korea		160	42	Seongnam			Main Vocal		
	Yeryung			예령	2002-06-22	Lusty	South Korea		169	49	Busan			Sub Vocal		
	Yoonji			윤지	1998-07-21	Lusty	South Korea		163	45				Rap, Leader		
	Eseo	Noh Hyunjung	노현정	이서	1996-03-04	LUNARSOLAR	South Korea		161	0						
	Jian	Kwon Jieun	권지은	지안	2001-03-14	LUNARSOLAR	South Korea		0	0			S.E.T			
	Taeryeong	Lim Jeongmin	임정민	태령	2000-12-27	LUNARSOLAR	South Korea		0	0						
	Yuuri	Tokunaga Yuuri	도쿠나가 유우리	유우리	2001-05-16	LUNARSOLAR	Japan		0	0						
Profile	Babysoul	Lee Soojung	이수정	베이비소울	1992-07-06	Lovelyz	South Korea		158	41	Gwangju			Leader		
Profile	Jiae	Yoo Jiae	유지애	지애	1993-05-21	Lovelyz	South Korea		163	43	Seoul					
Profile	JIN	Park Myungeun	박명은	진	1996-06-12	Lovelyz	South Korea		165	47	Busan					
Profile	Jisoo	Seo Jisoo	서지수	지수	1994-02-11	Lovelyz	South Korea		165	46	Incheon					
Profile	Kei	Kim Jiyeon	김지연	케이	1995-03-20	Lovelyz	South Korea		162	47	Incheon					
Profile	Mijoo	Lee Mijoo	이미주	미주	1994-09-23	Lovelyz	South Korea		167	47	Okcheon					
Profile	Sujeong	Ryu Sujeong	류수정	수정	1997-11-19	Lovelyz	South Korea		168	48	Daejeon					
Profile	Yein	Jeong Yein	정예인	예인	1998-06-04	Lovelyz	South Korea		166	0	Incheon					
Profile	Gowon	Park Chaewon	박채원	고원	2000-11-19	Loossemble	South Korea		0	0		Loona yyxy	LOONA			
Profile	Hyeju	Son Hyeju	손혜주	혜주	2001-11-13	Loossemble	South Korea		0	0		Loona yyxy	LOONA			
Profile	Hyunjin	Kim Hyunjin	김현진	현진	2000-11-15	Loossemble	South Korea		0	0	Jeonju	Loona 1/3	LOONA			
Profile	Vivi	Wong Viian	황가희	비비	1996-12-09	Loossemble	Hong Kong		0	0	Hong Kong	Loona 1/3	LOONA			
Profile	Yeojin	Im Yeojin	임여진	여진	2002-11-11	Loossemble	South Korea		0	0	Guro	Loona 1/3	LOONA			
Profile	Chowon	Han Chowon	한초원	초원	2002-09-16	LIGHTSUM	South Korea		168	50	Seoul					
Profile	Hina	Nagai Hina	나가이 히나	히나	2003-04-07	LIGHTSUM	Japan		0	0	Kanagawa					
Profile	Juhyeon	Lee Juhyeon	이주현	주현	2004-04-08	LIGHTSUM	South Korea		171	48						
Profile	Nayoung	Kim Nayoung	김나영	나영	2002-11-30	LIGHTSUM	South Korea		154	43	Chuncheon					
Profile	Sangah	Yoo Sangah	윤상아	상아	2002-09-04	LIGHTSUM	South Korea		168	0	Incheon					
Profile	Yujeong	Lee Yujeong	이유정	유정	2004-06-14	LIGHTSUM	South Korea		160	41						
Profile	Chaewon	Kim Chaewon	김채원	채원	2000-08-01	LE SSERAFIM	South Korea		0	0	Seoul		IZ*ONE			
Profile	Eunchae	Hong Eunchae	홍은채	은채	2006-11-10	LE SSERAFIM	South Korea		172	0						
Profile	Kazuha	Nakamura Kazuha	나카무라 카즈하	카즈하	2003-08-09	LE SSERAFIM	Japan		174	0	Osaka					
Profile	Sakura	Miyawaki Sakura	미야와키 사쿠라	사쿠라	1998-03-19	LE SSERAFIM	Japan		0	0	Kagoshima		IZ*ONE			
Profile	Yunjin	Huh Yunjin	허윤진	윤진	2001-10-08	LE SSERAFIM	South Korea		171	53						
	Bessie	Kim Susanna	김수산나	베시	2004-07-15	Lapillus	South Korea		0	0	Changwon					
	Chanty	Maria Chantal Videla	마리아 샹탈 비델라	샨티	2002-12-15	Lapillus	Philippines	Argentina	170	0	Manila					
	Haeun	Lim Haeun	임하은	하은	2008-11-02	Lapillus	South Korea		0	0						
	Seowon	Jang Seowon	장서원	서원	2006-12-05	Lapillus	South Korea		0	0	Gwangju					
	Shana	Nonaka Shana	노나카 샤나	샤나	2003-03-13	Lapillus	Japan		158	0	Kochi					
	Yue	Nancy Yang	낸시 양	유에	2004-07-03	Lapillus	USA	China	163	48						
	Ashley	Ashley Choi	애슐리 최	애슐리	1991-11-09	Ladies' Code	South Korea	USA	0	0	Incheon					
	Sojung	Lee Sojung	이소정	소정	1993-09-03	Ladies' Code	South Korea		0	0	Wonju					
	Zuny	Kim Joomi	김주미	주니	1994-12-08	Ladies' Code	South Korea		0	0	Gwangju					
Profile	Haein	Yeom Haein	염해인	해인	1995-05-19	LABOUM	South Korea		162	45	Ojeonggu			Lead Dancer		
Profile	Solbin	Ahn Solbin	안솔빈	솔빈	1997-08-19	LABOUM	South Korea		169	52	Ojeonggu			Visual		
Profile	Soyeon	Jung Soyeon	정소연	소연	1994-05-04	LABOUM	South Korea		161	44	Gwangju			Main Vocalist		
Profile	ZN	Bae Jinye	배진예	지엔	1994-06-09	LABOUM	South Korea		169	48	Bucheon	UNI.T		Main Dancer		
	Belle	Shim Hyewon	심혜원	벨	2004-03-20	KISS OF LIFE	South Korea	USA	167	0	Seattle					
	Haneul	Won Haneul	원하늘	하늘	2005-05-25	KISS OF LIFE	South Korea		168	0	Suwon					
	Julie	Julie Han	쥴리한	쥴리	2000-03-29	KISS OF LIFE	South Korea	USA	162	0	Hawaii					
	Natty	Ahnatchaya Suputhipong	아낫차야 수푸티퐁	나띠	2002-05-30	KISS OF LIFE	Thailand		165	46	Bangkok					
	Bahiyyih	Huening Bahiyyih	휴닝바히에	바히에	2004-07-27	Kep1er	USA	South Korea	166	0						
	Chaehyun	Kim Chaehyun	김채현	채현	2002-04-26	Kep1er	South Korea		160	0						
	Dayeon	Kim Dayeon	김다연	다연	2003-03-02	Kep1er	South Korea		158	0						
	Hikaru	Ezaki Hikaru	에자키 히카루	히카루	2004-03-12	Kep1er	Japan		155	0						
Profile	XiaoTing	Shen Xiao Ting	션샤오팅	샤오팅	1999-11-12	Kep1er	China		168	0						
	Youngeun	Seo Youngeun	서영은	영은	2004-12-27	Kep1er	South Korea		159	0						
Profile	Yujin	Choi Yujin	최유진	유진	1996-08-12	Kep1er	South Korea		164	0	Jeonju		CLC			
	Chaerin	Lee Chaerin	이채린	채린	2007-07-07	KELT9b	South Korea		0	0						
	Euijeong	Yeon Euijeong	연의정	연의정	2001-07-21	KELT9b	South Korea		170	49						
	Lua			루아	2002-01-30	KELT9b	South Korea		165	45						
	Minju	Seo Minju	서민주	민주	2003-09-29	KELT9b	South Korea		168	48						
	Suhyun	Yoo Suhyun	유수현	수현	2000-08-15	KELT9b	South Korea		168	49						
	Youngjae	Jo Youngjae	주영채	영채	2003-10-19	KELT9b	South Korea		163	45						
	Boa	Kim Boah	김보아	보아	1987-01-14	KEEMBO	South Korea		0	0			SPICA			
	Bohyung	Kim Bohyung	김보형	보형	1991-03-31	KEEMBO	South Korea		0	0		SPICA-S	SPICA			
Profile	Jiwoo	Jeon Jiwoo	전지우	지우	1996-10-04	KARD	South Korea		0	0						
Profile	Somin	Jeon Somin	전소민	소민	1996-08-22	KARD	South Korea		0	0	Seoul		April			
	Gyuri	Park Gyuri	박규리	규리	1988-05-21	KARA	South Korea		0	0	Seoul					
	Hara†	Koo Hara	구하라	하라	1991-01-13	KARA	South Korea		0	0	Gwangju					
	Jiyoung	Kang Jiyoung	강지영	지영	1994-01-18	KARA	South Korea		0	0	Paju					
	Nicole	Nicole Jung	정니콜	니콜	1991-10-07	KARA	South Korea	USA	0	0	Los Angeles					
	Seungyeon	Han Seungyeon	한승연	승연	1988-07-24	KARA	South Korea		0	0	Seoul					
Profile	Youngji	Hur Youngji	허영지	영지	1994-08-30	KARA	South Korea		0	0	Goyang					
Profile	Chaeyeon	Lee Chaeyeon	이채연	채연	2000-01-11	IZ*ONE	South Korea		0	0	Yongin					
Profile	Eunbi	Kwon Eunbi	권은비	은비	1995-09-27	IZ*ONE	South Korea		0	0	Seoul					
Profile	Hitomi	Honda Hitomi	혼다 히토미	히토미	2001-10-06	IZ*ONE	Japan		0	0	Toghichi					
Profile	Hyewon	Kang Hyewon	강혜원	혜원	1999-07-05	IZ*ONE	South Korea		0	0	Yangsan					
Profile	Minjoo	Kim Minjoo	김민주	민주	2001-02-05	IZ*ONE	South Korea		0	0	Seoul					
Profile	Nako	Yabuki Nako	야부키 나코	나코	2001-06-18	IZ*ONE	Japan		0	0	Tokyo					
Profile	Yena	Choi Yena	최예나	예나	1999-09-29	IZ*ONE	South Korea		0	0	Seoul					
Profile	Yuri	Jo Yuri	조유리	유리	2001-10-22	IZ*ONE	South Korea		0	0	Busan					
Profile	Gaeul	Kim Gaeul	김가을	가을	2002-09-24	IVE	South Korea		166	46	Incheon					
Profile	Leeseo	Lee Hyunseo	이현서	이서	2007-02-21	IVE	South Korea		170	48						
Profile	Liz	Kim Jiwon	김지원	리즈	2004-11-21	IVE	South Korea		170	49						
Profile	Rei	Naoi Rei	나오이 레이	레이	2004-02-03	IVE	Japan		169	47						
Profile	Wonyoung	Jang Wonyoung	장원영	원영	2004-08-31	IVE	South Korea		0	0	Seoul		IZ*ONE			
Profile	Yujin	Ahn Yujin	안유진	유진	2003-09-01	IVE	South Korea		0	0	Cheongju		IZ*ONE			
Profile	Chaeryeong	Lee Chaeryeong	이채령	채령	2001-06-05	ITZY	South Korea		0	0	Yongin					
Profile	Lia	Choi Jisu	최지수	리아	2000-07-21	ITZY	South Korea		0	0	Incheon					
Profile	Ryujin	Shin Ryujin	신류진	류진	2001-04-17	ITZY	South Korea		0	0	Seoul					
Profile	Yeji	Hwang Yeji	황예지	예지	2000-05-26	ITZY	South Korea		0	0	Seoul					
Profile	Yuna	Shin Yuna	신유나	유나	2003-12-09	ITZY	South Korea		0	0	Suwon					
	I.L	Kim Jiwon	김지원	아이엘	1997-07-01	IRRIS	South Korea		0	0	Daegu		Good Day, RedSquare	Vocalist		
	Liv	Kim Chaeyoung	김채영	리브	1997-07-05	IRRIS	South Korea		0	0	Gunsan		Good Day, RedSquare	Vocalist, Main Dancer		
	Nina	Nina Nadia Mateer	니나 나디아 마티어	니나	2003-03-15	IRRIS	Australia	South Korea	174	51	Brisbane					
	Yunseul	Hwang Nayoon	황나윤	윤슬	1999-03-30	IRRIS	South Korea		0	0	Seoul		Good Day, RedSquare	Vocalist		
	Ara	Lee Yunji	이윤지	아라	2002-01-23	ILY:1	South Korea		158	0						
	Elva	Lee Yonghwa	이용화	엘바	2003-05-05	ILY:1	South Korea		0	0						
	Hana	Hayase Hana	하야세 하나	하나	2000-02-27	ILY:1	Japan		165	0						
	Nayu	Kim Yewon	김예원	나유	2002-07-23	ILY:1	South Korea		0	0						
	Ririka	Kishida Ririka	키시다 리리카	리리카	2002-07-02	ILY:1	Japan		162	0						
	Rona	Chang Ching	장찡	로나	2002-06-05	ILY:1	Taiwan		165	0	Taipei					
	Iroha	Hokazuno Iroha	호카조노 이로하	이로하	2008-02-04	ILLIT	Japan		162	0	Tokyo					
	Minju	Park Minju	박민주	민주	2004-05-11	ILLIT	South Korea		166	0						
	Moka	Sakai Moka	사카이 모카	모카	2004-10-08	ILLIT	Japan		164	0	Fukuoka					
	Wonhee	Lee Wonhee	이원희	원희	2007-06-26	ILLIT	South Korea		166	0	Gyeonggi					
	Yunah	Noh Yunah	노윤아	윤아	2004-01-15	ILLIT	South Korea		169	0	Chungju					
Profile	Chaerin	Park Chaerin	박채린	채린	2003-03-31	ICHILLIN'	South Korea		0	0						
Profile	Chowon	Kim Chowon	김초원	초원	2005-08-18	ICHILLIN'	South Korea		0	0						
Profile	E.Ji	Choi Jiwon	최지원	이지	2000-11-08	ICHILLIN'	South Korea		0	0						
Profile	Jackie	Kang Chaeyeon	강채연	재키	2001-11-17	ICHILLIN'	USA	South Korea	0	0	Los Angeles					
Profile	Jiyoon	Jeong Jiyoon	정지윤	지윤	2000-09-15	ICHILLIN'	South Korea		168	0						
Profile	Joonie	Park Junhee	박준희	주니	2002-05-24	ICHILLIN'	USA	South Korea	0	0						
Profile	Yeju	Kim Yeju	김예주	예주	2004-02-01	ICHILLIN'	South Korea		0	0						
	Han Hyeri	Han Hyeri	한혜리	한혜리	1997-08-24	I.B.I	South Korea		159	42	Gwangmyeong				soh_eee	
	Lee Haein	Lee Haein	이해인	이해인	1992-07-04	I.B.I	South Korea		165	49	Changwon					
	Lee Suhyun	Lee Suhyun	이수현	이수현	1996-11-05	I.B.I	South Korea		167	50	Ansan					
	Dain	Jung Dain	정다인	다인	2004-12-15	HOT ISSUE	South Korea		0	0						
	Dana	Jang Dana	장다나	다나	2003-12-25	HOT ISSUE	South Korea		0	0						
	Hyeongshin	Kim Hyungshin	김형신	형신	2002-05-03	HOT ISSUE	South Korea		0	0						
	Mayna	Simone Shaoxi Mengna	시몬느 샤오시 멍나	메이나	2000-05-12	HOT ISSUE	China	Romania	170	47						
	Yebin	Kim Yebin	김예빈	예빈	2004-11-01	HOT ISSUE	South Korea		0	0						
	Yewon	Park Yewon	박예원	예원	2004-01-11	HOT ISSUE	South Korea		0	0						
	Miko	Matsuda Miko	마츠다 미코	미코	1995-10-28	Honey Popcorn	Japan		0	0						
	Moko	Sakura Moko	사쿠라 모코	모코	1991-03-19	Honey Popcorn	Japan		0	0						
	Yua	Mikami Yua	미카미 유아	유아	1993-08-16	Honey Popcorn	Japan		0	0						
	Cheongeum	Jang Cheongeum	장청음	청음	1996-06-19	Ho1iday	South Korea		0	0						
	Dany	Jeon Eunji	전은지	다니	1998-01-20	Ho1iday	South Korea		0	0						
	Haru	Lee Yoojeong	이유정	하루	1997-02-26	Ho1iday	South Korea		164	0			MyB			
	Heejoo	Jeon Heejoo	전희주	희주	1996-11-30	Ho1iday	South Korea		0	0			MyB			
	Saebyeok	Shim Jaeyoung	심재영	새벽	1996-11-09	Ho1iday	South Korea		0	0						
	Bada	Kim Bada	김바다	바다	2002-05-28	Hinapia	South Korea		162	49						
Profile	Eunwoo	Jeong Eunwoo	정은우	은우	1998-07-01	Hinapia	South Korea		167	48		Pristin V	Pristin			
Profile	Rena	Kang Yebin	강예빈	레나	1998-10-19	Hinapia	South Korea		162	49		Pristin V	Pristin			
Profile	Roa	Kim Minkyung	김민경	로아	1997-07-29	Hinapia	South Korea		172	49		Pristin V	Pristin			
Profile	Yuha	Kang Kyungwon	강경원	유하	1997-11-05	Hinapia	South Korea		170	50			Pristin			
	Eunjin	Moon Eunjin	문은진	은진	1998-11-05	Highteen	South Korea		0	0						
	Hyebin	Im Hyebin	임혜빈	혜빈	1999-11-10	Highteen	South Korea		0	0						
	Hyejoo	Park Hyunjoo	박현주	혜주	1999-01-12	Highteen	South Korea		0	0						
	Sea	Kim Sujeong	김수정	세아	1999-12-05	Highteen	South Korea		0	0						
	Dakyung	Jung Dakyung	정다경	다경	2001-07-23	Hi-L	South Korea		0	0						
	Hayun	Choi Hayun	최하윤	하윤	2004-01-16	Hi-L	South Korea		0	0	Seoul					
	JooA	Lee Juhyun	이주현	주아	2002-03-04	Hi-L	South Korea		173	0						
	Lee Jin	Shim Yerin	심예린	이진	2001-03-12	Hi-L	South Korea		0	0						
	Soojung	Hwang Soojung	황수정	수정	2001-05-10	Hi-L	South Korea		169	47	Yongin					
	Yeseul	Kim Yeseul	김예슬	예슬	2004-03-24	Hi-L	South Korea		0	0						
Profile	Alice	Song Joohee	송주희	앨리스	1990-03-21	Hello Venus	South Korea		166	47	Wonju				jh.song_alice	
Profile	Lime	Kim Hyerim	김혜림	라임	1993-01-19	Hello Venus	South Korea		169	50					hv_lime	
Profile	Nara	Kwon Nara	권나라	나라	1991-03-13	Hello Venus	South Korea		172	52	Seongnam				hv_nara	
Profile	Seoyoung	Lee Seoyoung	이서영	서영	1994-06-27	Hello Venus	South Korea		164	50					hv_seo0	
Profile	Yeoreum	Ahn Chaeyeon	안채연	여름	1996-06-04	Hello Venus	South Korea		167	48						
Profile	Yooyoung	Lee Yooyoung	이유영	유영	1995-01-23	Hello Venus	South Korea		170	49	Suwon				hv_u0	
	Aeji	Kwon Aeji	권애지	애지	1999-10-25	Hashtag	South Korea		163	0	Daegu					
	Dajeong	Kim Dajeong	김다정	다정	1995-08-08	Hashtag	South Korea		170	0	Gwangju					
	Hyunji	Kim Hyunji	김현지	현지	1992-06-30	Hashtag	South Korea		165	0						
	Seungmin	Lee Seungmin	이승민	승민	1996-02-03	Hashtag	South Korea		162	0						
	Sojin	Hong Sojin	홍소진	소진	1999-09-24	Hashtag	South Korea		163	0						
	Sua	Yang Sua	양수아	수아	1995-03-24	Hashtag	South Korea		169	0	Gwangju					
	Subin	Oh Subin	오수빈	수빈	1998-09-30	Hashtag	South Korea		172	0						
Profile	Hwiseo	Jo Hwihyeon	조휘현	화서	2002-07-31	H1-KEY	South Korea		168	0						
Profile	Riina	Lee Seunghyeon	이승현	리이나	2001-02-21	H1-KEY	South Korea		172	55						
Profile	Seoi	Lee Yejin	이예진	서이	2000-02-12	H1-KEY	South Korea		169	0						
Profile	Yel	Han Shinyoung	한신영	옐	2004-12-25	H1-KEY	South Korea		172	0						
	Gracie	Kim Gaeun	김가운	그레이시	1996-10-28	H.U.B	South Korea		0	0					i.m_gracie	
	Hyosun	Lim Hyosun	임효선	효선	1998-07-10	H.U.B	South Korea		170	54			Kiwi Band			
	Keina	Lee Yoona	이유나	케이나	1999-02-12	H.U.B	South Korea		0	0						
	Rui	Watanabe Rui	와타나베 루이	루이	1994-10-08	H.U.B	Japan		0	0			N-Bulance			
	Yuem	Park Subin	박수빈	유음	1996-12-25	H.U.B	South Korea		0	0						
	Anne	Lee Seoyoung	이서영	앤	2000-10-17	GWSN	South Korea		0	0						
	Lena	Kang Rena	강레나	레나	2002-04-17	GWSN	South Korea		0	0						
	Minju	Kang Minjoo	강민주	민주	2001-03-11	GWSN	South Korea		0	0						
	Miya	Miyauchi Haruka	미야우치 하루카	미야	1993-05-26	GWSN	Japan		0	0						
	Seokyoung	Kim Seokyung	김서경	서경	1999-04-16	GWSN	South Korea		0	0						
	Seoryoung	Lee Seoryung	이서령	서령	2000-01-26	GWSN	South Korea		0	0						
	Soso	Wang Chingyi	왕징이	소소	2001-03-14	GWSN	Taiwan		0	0						
Profile	Haebin	Han Haebin	한해빈	해빈	1995-08-16	Gugudan	South Korea		0	0						
Profile	Hana	Shin Bora	신보라	하나	1993-04-30	Gugudan	South Korea		0	0						
Profile	Mimi	Jung Mimi	정미미	미미	1993-01-01	Gugudan	South Korea		163	0						
Profile	Mina	Kang Mina	강미나	미나	1999-12-04	Gugudan	South Korea		162	48	Icheon	Gugudan Oguogu	I.O.I			
Profile	Nayoung	Kim Nayoung	김나영	나영	1995-11-23	Gugudan	South Korea		169	50						
Profile	Sally	Liu Xiening	류셰닝	샐리	1996-10-23	Gugudan	China		0	0	Guangdong					
Profile	Sejeong	Kim Sejeong	김세정	세정	1996-08-28	Gugudan	South Korea		164	48			I.O.I			
Profile	Soyee	Jang Sojin	장소진	소이	1996-11-21	Gugudan	South Korea		0	0						
	Heejin	Song Heejin	송희진	희진	1995-08-19	Good Day	South Korea		0	0	Seoul					
	A-ra	Choi Eunji	최은지	아라	2003-07-25	Girls' World	South Korea		158	0	Seoul					
	Hari			하리	2005-04-08	Girls' World	Japan		0	0	Kagoshima					
	Kyrin	Park Geumju	박금주	카이린	2000-02-23	Girls' World	South Korea		156	0	Daejeon					
	Windy	Park Jinju	박진주	윈디	2000-02-23	Girls' World	South Korea		155	0	Daejeon					
	Ellyn	Bang Sunhee	방선희	엘린	2002-10-19	Girlkind	South Korea		0	170						
	JK	Kim Jikang	김지강	지강	1998-03-17	Girlkind	South Korea		0	161						
	Medic Jin	Bae Yujin	배유진	메딕진	1996-08-25	Girlkind	South Korea		0	167						
	Sun J	Jeon Heesun	전희선	썬제이	2001-02-13	Girlkind	South Korea		0	165						
	Xeheun	Lee Seheun	이세흔	세흔	1999-07-11	Girlkind	South Korea		0	162						
Profile	Hyeri	Lee Hyeri	이혜리	혜리	1994-06-09	Girl's Day	South Korea		167	46	Gwangju				hyeri_0609	
Profile	Minah	Bang Minah	방민아	민아	1993-05-13	Girl's Day	South Korea		165	47	Incheon				bbang_93	
Profile	Sojin	Park Sojin	박소진	소진	1986-05-21	Girl's Day	South Korea		167	47	Daegu				ssozi_sojin	
Profile	Yura	Kim Ahyoung	김아영	유라	1992-11-06	Girl's Day	South Korea		168	49	Ulsan				yura_936	
Profile	Sowon	Kim Sojung	김소정	소원	1995-12-07	Gfriend	South Korea		172	0	Seoul					
Profile	Yerin	Jung Yerin	정예린	예린	1996-08-19	Gfriend	South Korea		167	0	Incheon					
Profile	Yuju	Choi Yuna	최유나	유주	1997-10-04	Gfriend	South Korea		169	0	Goyang					
	Andamiro	Yeon Seongju	연승주	안다미로	2003-05-06	Geenius	South Korea		169	0						
	Mika	Yu Dahyun	유다현	미카	2002-01-08	Geenius	South Korea		0	0						
	Sion	Ryu Sion	류시온	시온	2001-03-07	Geenius	South Korea		158	0	Daegu					
	Yeyoung	Choi Yeyoung	최예영	예영	2000-05-31	Geenius	South Korea		164	0						
	Zoe	Choi Hayoung	최하영	조에	2002-04-12	Geenius	Italia	South Korea	164	0	Milan					
	Gaga	Lee Soobin	이수빈	가가	1994-11-10	Gate9	South Korea		164	0					gagag9	
	Haeyeon	Lee Taeyeon	이태연	해연	1994-01-11	Gate9	South Korea		161	0					ha2y2on_gnine	
	Haru	Han Sangsook	한상숙	하루	1994-07-06	Gate9	South Korea		160	0	Bucheon				hanharuuu	
	Juju	Park Juyoung	박주영	쥬쥬	1996-01-03	Gate9	South Korea		168	0	Changwon				baby.juju_0	
	Kady	Gu Dokyoung	구도경	케이디	1995-04-07	Gate9	South Korea		168	0	Busan				kady_g9	
	Taera	Lee Yujin	이유진	태라	1994-04-12	Gate9	South Korea		161	0	Incheon				taera9nine	
	Vivian	Park Sunghee	박성희	비비안	1998-12-08	Gate9	South Korea		0	0					vivian__g9	
	Yeori	Kim Soyeon	김소연	여리	1994-05-30	Gate9	South Korea		164	0	Seoul				yeori_g9	
	Yoon	Ji Hayoon	지하윤	윤	1997-07-08	Gate9	South Korea		162	0	Busan				queenyunista	
	Shinyoung	Park Shinyoung	박신영	신영	2000-03-19	G-reyish	South Korea		0	0						
	Yena	Jeong Yena	정예나	예나	2000-04-10	G-reyish	South Korea		0	0						
	Yeso	Lee Yeso	이예소	예소	2001-11-13	G-reyish	South Korea		0	0						
Profile	Chaeyoung	Lee Chaeyoung	이채영	채영	2000-05-14	fromis_9	South Korea		0	0	Pohang					
Profile	Hayoung	Song Hayoung	송하영	하영	1997-09-29	fromis_9	South Korea		0	0	Gwangju					
Profile	Jiheon	Baek Jiheon	백지헌	지헌	2003-04-17	fromis_9	South Korea		0	0	Jeolla					
Profile	Jisun	Roh Jisun	노지선	지선	1998-11-23	fromis_9	South Korea		0	0	Seoul					
Profile	Jiwon	Park Jiwon	박지원	지원	1998-03-20	fromis_9	South Korea		0	0	Busan					
Profile	Nakyung	Lee Nakyung	이나경	나경	2000-06-01	fromis_9	South Korea		159	42	Mungyeong			Lead Vocalist, Rapper, Visual		
Profile	Saerom	Lee Saerom	이새롬	새롬	1997-01-07	fromis_9	South Korea		0	0	Gangwon					
Profile	Seoyeon	Lee Seoyeon	이서연	서연	2000-01-22	fromis_9	South Korea		0	0	Seoul					
	Aran	Jeong Eunah	정은아	아란	2004-10-11	FIFTY FIFTY	South Korea		162	44						
	Keena	Song Jakyung	송자경	키나	2002-07-09	FIFTY FIFTY	South Korea		164	45						
	Saena	Jung Sehyun	정세현	새나	2004-03-12	FIFTY FIFTY	South Korea		160	42	Busan					
	Sio	Jeong Jiho	정지호	시오	2004-10-06	FIFTY FIFTY	South Korea		165	45	Iksan					
	Cao Lu	Cao Lu	차오루	차오루	1987-08-30	Fiestar	China		166	0	Zhangjiajie				better_me_lulu	
	Hyemi	Kim Hyemi	김혜미	혜미	1990-08-10	Fiestar	South Korea		161	0	Seoul				hyemi_haaaaam	
	Jei	Kim Jinhee	김진희	재이	1989-09-05	Fiestar	South Korea		162	0	Bucheon				kimjeii	
	Linzy	Im Minji	임민지	린지	1989-10-22	Fiestar	South Korea		168	0	Incheon				linzy_minji	
	Yezi	Lee Yeji	이예지	예지	1994-08-26	Fiestar	South Korea		161	0	Gangneung				-	fiestar__yezi
	Ahra	Go Ahra	고아라	아라	2001-02-21	Favorite	South Korea		0	0	Yeosu					
	Gaeul	Park Gaeul	박가을	가을	1999-05-08	Favorite	South Korea		164	48	Seoul					
	Jeonghee	Go Jeonghee	고정희	정희	2000-03-11	Favorite	South Korea		0	0	Incheon					
	Saebom	Kim Seyoung	김세영	새봄	1995-01-13	Favorite	South Korea		0	0	Gwacheon					
	Seoyeon	Kim Minju	김민주	서연	1995-11-26	Favorite	South Korea		0	0	Gwacheon					
	Sugyeong	Jo Sugyeong	조수경	수경	2000-01-12	Favorite	South Korea		0	0	Haenam					
	Chaelin	Lee Chaelin	이채린	채린	1999-10-20	FANATICS	South Korea		162	47						
	Chiayi	Li Chiayi	지아이	지아이	2000-01-22	FANATICS	Taiwan		164	0		FANATICS FLAVOR				
	Doah	Kim Doah	김도아	도아	2003-12-04	FANATICS	South Korea		163	42		FANATICS FLAVOR				
	Doi	Kim Doi	김도이	도이	1994-04-12	FANATICS	South Korea		170	0						
	Rayeon	Lee Rayeon	이나연	나연	2001-11-24	FANATICS	South Korea		167	45	Gwangju					
	Via	Kim Via	김비아	비아	2000-08-17	FANATICS	South Korea		165	46	Busan					
	Yoonhye	Jung Yoonhye	정윤혜	윤혜	2001-10-04	FANATICS	South Korea		173	0		FANATICS FLAVOR				
	Amber	Amber Josephine Liu	엠버 조세핀 리우	엠버	1992-09-18	f(x)	USA	Taiwan	167	0	Los Angeles				ajol_llama	
	Krystal	Krystal Jung	크리스탈 정	크리스탈	1994-10-24	f(x)	South Korea		165	0	San Francisco				vousmevoyez	
	Luna	Park Sunyoung	박선영	루나	1993-08-12	f(x)	South Korea		162	0	Seoul				hermosavidaluna	
	Victoria	Song Qian	송치엔	빅토리아	1987-02-02	f(x)	China		168	45	Qingdao				victoria02_02	
Profile	Hani	Ahn Hee-yeon	안희연	하니	1992-05-01	EXID	South Korea		168	0	Seoul				ahnhani_92	
Profile	Hyerin	Seo Hyerin	서혜린	혜린	1993-08-23	EXID	South Korea		165	0	Gwangju				hyeliniseo	
Profile	Junghwa	Park Junghwa	박정화	정화	1995-05-08	EXID	South Korea		169	0	Anyang		EXID		jeonghwa_0508	
Profile	LE	Ahn Hyejin	안효진	엘리	1991-12-10	EXID	South Korea		168	0	Cheonan				x_xellybabyx	
Profile	Solji	Heo Solji	허솔지	솔지	1989-01-10	EXID	South Korea		170	0	Seongnam				soul.g_heo	
Profile	Aisha	Heo Yoorim	허유림	아샤	2000-07-21	Everglow	South Korea		0	0						
Profile	E:U	Park Jiwon	박지원	이유	1998-05-19	Everglow	South Korea		0	0						
Profile	Mia	Han Eunji	한은지	미아	2000-01-13	Everglow	South Korea		0	0						
Profile	Onda	Jo Selim	조세림	온다	2000-05-18	Everglow	South Korea		0	0						
Profile	Sihyeon	Kim Sihyeon	김시현	시현	1999-08-05	Everglow	South Korea		168	51						
Profile	Yiren	Wang Yiren	왕이런	이런	2000-12-29	Everglow	China		0	0						
	Boni	Choi Euijeong	최의정	보니	1999-10-30	Dreamnote	South Korea		160	45						
	Eunjo	Park Eunjo	박은조	은조	2002-03-07	Dreamnote	South Korea		164	46						
	Lara	Moon Shinae	문신애	라라	2000-08-09	Dreamnote	South Korea		161	44						
	Miso	Jeon Jimin	전지민	미소	2000-10-25	Dreamnote	South Korea		160	43						
	Sumin	Park Sumin	박수민	수민	2001-09-09	Dreamnote	South Korea		166	46						
	Youi	Kim Jihyeo	유아이	유아이	2000-04-24	Dreamnote	South Korea		163	45						
Profile	Dami	Lee Yoobin	이유빈	다미	1997-03-07	Dreamcatcher	South Korea		163	0	Seoul		Minx			
Profile	Gahyeon	Lee Gahyeon	이가현	가현	1999-02-03	Dreamcatcher	South Korea		0	0	Seongnam					
Profile	Handong	Han Dong	한동	한동	1996-03-26	Dreamcatcher	China		0	0	Wuhan					
Profile	Jiu	Kim Minji	김민지	지유	1994-05-17	Dreamcatcher	South Korea		167	0	Daejeon		Minx	Leader		
Profile	Siyeon	Lee Siyeon	이시연	시연	1995-10-01	Dreamcatcher	South Korea		170	0	Daegu		Minx			
Profile	Sua	Kim Bora	김보라	수아	1994-08-10	Dreamcatcher	South Korea		164	0	Changwon		Minx			
Profile	Yoohyeon	Kim Yoohyeon	김유현	유현	1997-01-07	Dreamcatcher	South Korea		171	0	Incheon		Minx			
Profile	Chaeyeon	Jung Chaeyeon	정채연	채연	1997-12-01	DIA	South Korea		165	49	Suncheon		I.O.I			
Profile	Eunchae	Kwon Chaewon	권채원	은채	1999-05-26	DIA	South Korea		0	0						
Profile	Eunice	Heo Sooyeon	허수연	유니스	1991-09-02	DIA	South Korea		166	49	Busan					
Profile	Huihyeon	Ki Huihyeon	기희현	희현	1995-06-16	DIA	South Korea		167	46	Namwon					
	Jueun	Lee Jooeun	이주은	주은	1995-07-07	DIA	South Korea		0	0	Suwon	BinChaenHyunSeuS				
	Somyi	Ahn Somyi	안솜이	솜이	2000-01-26	DIA	South Korea		0	0	Changwon	L.U.B				
Profile	Yebin	Baek Yebin	백예빈	예빈	1997-07-13	DIA	South Korea		164	43	Chuncheon	UNI.T				
	Haeri	Lee Haeri	이해리	해리	1985-02-14	Davichi	South Korea		0	0	Seoul					
	Minkyung	Kang Minkyung	강민경	민경	1990-08-03	Davichi	South Korea		0	0	Goyang					
Profile	Ahyoung	Cho Jayoung	조자영	아영	1991-05-26	Dal Shabet	South Korea		0	0	Seoul					
Profile	Serri	Park Miyeon	박미연	세리	1990-09-16	Dal Shabet	South Korea		0	0	Seoul					
Profile	Subin	Park Subin	박수빈	수빈	1994-02-12	Dal Shabet	South Korea		0	0	Gwangju					
Profile	Woohee	Bae Woohee	배우희	우희	1991-11-21	Dal Shabet	South Korea		0	0	Busan	UNI.T				
Profile	Duna	Kang Duna	강두나	두나	2005-04-28	CSR	South Korea		0	0	Gangwon					
Profile	Geumhee	Han Geumhee	한금희	금희	2005-03-04	CSR	South Korea		0	0	Incheon					
Profile	Seoyeon	Ahn Seoyeon	안서연	서연	2005-03-26	CSR	South Korea		0	0	Bucheon					
Profile	Sihyeon	Hwang Sihyeon	황시현	시현	2005-03-12	CSR	South Korea		0	0	Uijeongbu					
Profile	Sua	Yoo Sua	유수아	수아	2005-07-23	CSR	South Korea		0	0	Anyang					
Profile	Yeham	Gu Yeham	구예함	예함	2005-10-07	CSR	South Korea		0	0	Pyeongtaek					
Profile	Yuna	Iimura Yuna	이이무라 유나	유나	2005-04-23	CSR	Japan		0	0	Ibaraki					
	Choa	Heo Minjin	허민진	초아	1990-07-12	Crayon Pop	South Korea		161	0	Seoul					
	Ellin	Kim Minyoung	김민영	엘린	1990-04-02	Crayon Pop	South Korea		165	44	Daegu				hiellin	
	Geummi	Baek Boram	백보람	금미	1988-06-18	Crayon Pop	South Korea		165	0	Seoul			Leader	g.mi	
	Soyul	Park Hyekyeong	박혜경	소율	1991-05-15	Crayon Pop	South Korea		160	0	Seoul					
	Way	Heo Minsun	허민선	웨이	1990-07-12	Crayon Pop	South Korea		161	0	Seoul				baysunny	
	ChaeY	Song Chaeyeon	송채연	채이	2003-01-06	CRAXY	South Korea		0	0						
	Hyejin	Kang Hyejin	강혜진	혜진	2000-07-13	CRAXY	South Korea		0	0						
	Karin	Baek Yerin	백예린	카린	2000-04-23	CRAXY	South Korea		0	0						
	Swan	Kim Suan	김수안	수안	2000-12-28	CRAXY	South Korea		0	0						
	Woo-ah	Kim Chaewon	김채원	우아	1997-06-20	CRAXY	South Korea		0	0						
	Sang	Cui Xiang	최상	상	1995-01-26	Clear:I	China		0	0			BOTOPASS, ILUV			
Profile	Eunbin	Kwon Eunbin	권은빈	은빈	2000-01-06	CLC	South Korea		167	48	Seoul					
Profile	Seunghee	Oh Seunghee	오승희	승희	1995-10-10	CLC	South Korea		163	0	Gwangju					
Profile	Seungyeon	Jang Seunyeon	장승연	승연	1996-11-06	CLC	South Korea		163	0	Seongnam					
Profile	Sorn	Chonnasorn Sajakul	촌나손 사짜꾼	손	1996-11-18	CLC	Thailand		164	0	Bangkok					
Profile	YeeEun	Jang Yeeun	장예은	예은	1998-08-10	CLC	South Korea		166	0	Dongducheon					
	Boeun	Park Boeun	박보은	보은	2008-02-11	CLASS:y	South Korea		155	0						
Profile	Chaewon	Yoon Chaewon	윤채원	채원	2003-06-04	CLASS:y	South Korea		163	0						
	Hyeju	Hong Hyeju	홍혜주	혜주	2003-12-09	CLASS:y	South Korea		166	0	Seoul					
Profile	Hyungseo	Myeong Hyeongseo	명형서	형서	2001-06-25	CLASS:y	South Korea		160	44			Busters			
	Jimin	Won Jimin	원지민	지민	2007-11-25	CLASS:y	South Korea		171	0						
	Riwon	Kim Riwon	김리원	리원	2007-01-11	CLASS:y	South Korea		156	0						
	Seonyu	Kim Seonyu	김선유	선유	2008-03-20	CLASS:y	South Korea		159	0						
	Belle	Jin Hyeonjoo	진현주	벨	2001-11-03	Cignature	South Korea		0	0	Goyang	UNIS	Good Day			
	Chaesol	Maeng Chaesol	맹채솔	채솔	1998-07-14	Cignature	South Korea		0	0	Yeosu		Good Day			
	Chloe	Yun Jiwon	윤지원	클로이	2001-01-06	Cignature	South Korea		163	0	Seoul					
	Dohee	Kwon Dohee	권도희	도희	2002-08-01	Cignature	South Korea		158	39	Seoul					
	Jeewon	Kim Jiwon	김지원	지원	1999-04-01	Cignature	South Korea		0	0	Busan		Good Day			
	Seline	Jung Yeonjeong	정연정	셀린	2000-06-20	Cignature	South Korea		0	0						
	Semi	Gu Semi	구세미	세미	2002-04-10	Cignature	South Korea		166	46						
Profile	Bora	Kim Bora	김보라	보라	1999-03-03	Cherry Bullet	South Korea		0	0						
Profile	Chaerin	Park Chaerin	박채린	채린	2002-03-13	Cherry Bullet	South Korea		0	0						
Profile	Haeyoon	Park Haeyoon	박해윤	해윤	1996-01-10	Cherry Bullet	South Korea		157	43						
Profile	Jiwon	Heo Jiwon	허지원	지원	2000-09-04	Cherry Bullet	South Korea		0	0						
Profile	May	Hirokawa Mao	히로카와 마오	메이	2004-11-16	Cherry Bullet	Japan		0	0						
Profile	Remi	Katsuno Rise	카츠노 리세	레미	2001-04-26	Cherry Bullet	Japan		0	0						
Profile	Yuju	Choi Yuju	최유주	유주	1997-03-05	Cherry Bullet	South Korea		0	0						
	Sieun	Lee Sieun	이시은	시은	1993-09-19	CHECKMATE	South Korea		163	0						
	Suri	Kang Suri	강수리	수리	1994-10-11	CHECKMATE	South Korea		168	0						
	Sarang	Choi Sarang	최사랑	사랑	2007-11-30	Candy Shop	South Korea		0	0	Seoul					
	Soram	Jung Soram	정소람	소람	2005-09-24	Candy Shop	South Korea		0	0	Namyangju					
	Sui	Cho Sui	조수이	수이	2007-08-15	Candy Shop	South Korea		0	0	Seoul					
	Yuina	Futatsugami Yuina	후타츠가미 유이나	유이나	2007-02-27	Candy Shop	South Korea		0	0						
	Jungwoo	Uhm Jungwoo	엄정우	정우	1999-04-02	BVNDIT	South Korea		0	0						
	Seungeun	Shim Seungeun	심승은	승은	2000-12-27	BVNDIT	South Korea		0	0						
	Simyeong	Lee Simyeong	이시명	시명	1999-05-27	BVNDIT	South Korea		0	0						
	Songhee	Yoon Songhee	윤송희	송희	1998-11-08	BVNDIT	South Korea		0	0						
	Yiyeon	Jung Dasol	정다솔	이연	1995-05-28	BVNDIT	South Korea		0	0						
	Jisoo	Jung Jisoo	정지수	지수	2003-11-22	Busters	South Korea		0	0						
	Minji	Kim Minji	김민지	민지	2001-01-16	Busters	South Korea		0	0						
	Choyeon	Kim Choyeon	김초연	초연	2001-08-01	bugAboo	South Korea		164	44						
	Cyan	Lee Chaeeun	이채은	시안	2001-04-04	bugAboo	South Korea		0	0	Sanbon					
	Eunchae	Son Eunchae	손은채	은채	1999-10-06	bugAboo	South Korea		154	38	Pohang					
	Yoona	Ogura Yuuna	오구라 유우나	유우나	2000-10-13	bugAboo	Japan		0	0	Sapporo					
	Zin	Jin Hyunbin	진현빈	지인	2001-08-31	bugAboo	South Korea		0	0						
	Gain	Son Gain	손가인	가인	1987-09-20	Brown Eyed Girls	South Korea		0	0					songain87	
	Jea	Kim Hyojin	김효진	제아	1981-09-18	Brown Eyed Girls	South Korea		0	0					jeaworld	
	Miryo	Jo Mihye	조미혜	미료	1981-11-02	Brown Eyed Girls	South Korea		0	0					miryoakajohoney	
	Narsha	Park Hyojin	박효진	나르샤	1981-12-28	Brown Eyed Girls	South Korea		0	0					narsha81	
Profile	Eunji	Hong Eunji	홍은지	은지	1992-07-19	Brave Girls	South Korea		0	0	Seoul					
Profile	Minyoung	Kim Minyeong	김민영	민영	1990-09-12	Brave Girls	South Korea		0	0	Seongnam					
Profile	Yujeong	Nam Yujeong	남유정	유정	1991-05-02	Brave Girls	South Korea		0	0	Seoul					
Profile	Yuna	Lee Yuna	이유나	유나	1993-04-06	Brave Girls	South Korea		0	0	Seoul					
	Ahyoon	Choi Subin	최수빈	아윤	2004-10-23	BOTOPASS	South Korea		0	0						
	Harin	Seo Harin	서하린	하린	2000-12-07	BOTOPASS	South Korea		0	0						
	Jiwon	Park Jiwon	박지원	지원	1997-03-17	BOTOPASS	South Korea		165	45			ILUV			
	Mihee	Lee Mihee	이미희	미희	2000-08-24	BOTOPASS	South Korea		0	0						
	Ria	Kuwayama Ria	쿠와야마 리아	리아	1998-02-03	BOTOPASS	Japan		0	0						
	Seoyoon	Kim Suyoung	김수영	서윤	1995-01-26	BOTOPASS	South Korea		0	0			ILUV			
	Shiho	Kwon Subin	권수빈	시호	2001-08-22	BOTOPASS	South Korea		0	0						
	Chaehyun	Kim Chaehyun	김채현	채현	1999-11-29	Bonus Baby	South Korea		163	0						
	Dayun	Kim Dayun	김다윤	다윤	2000-11-20	Bonus Baby	South Korea		164	0						
	Gaon	Beom Gaon	범가온	가온	2001-03-09	Bonus Baby	South Korea		163	0						
Profile	Hayoon	Jung Hayoon	정하윤	하윤	1998-11-21	Bonus Baby	South Korea		163	0			MyB			
	Kongyoo	Kong Yoojin	공유진	공유	2001-05-11	Bonus Baby	South Korea		163	0						
Profile	Moonhee	Choi Moonhee	최문희	문희	1997-04-15	Bonus Baby	South Korea		167	0			MyB			
Profile	Jiyoon	Woo Jiyoon	우지윤	지윤	1996-01-06	Bolbbalgan4	South Korea		0	0	Yeongju					
Profile	Jiyoung	Ahn Jiyoung	안지영	지영	1995-09-14	Bolbbalgan4	South Korea		0	0	Yeongju					
	Ayamy	Suzuki Ayami	스즈키 아야미	아야미	2000-07-15	Bling Bling	Japan		0	0						
	Jieun	Choi Jieun	최지은	지은	2001-03-03	Bling Bling	South Korea		0	0						
	Juhyun	Cha Juhyun	차주현	주현	2000-04-01	Bling Bling	South Korea		0	0						
	Marin	Yasufuku Marin	야스후쿠 마린	마린	2001-03-17	Bling Bling	Japan		0	0	Osaka					
	Narin	Lee Narin	이나린	나린	2001-10-29	Bling Bling	South Korea		0	0						
	Yubin	Kim Yubin	김유빈	유빈	2002-02-27	Bling Bling	South Korea		166	47						
	Dayoung	Kim Dayoung	김다영	다영	1991-02-02	Blady	South Korea		0	0	Jeonju				loloola22_	
	Gabin	Kim Gabin	김가빈	가빈	1989-09-18	Blady	South Korea		0	0	Busan				_kimgabin	
	Giru	Park Giru	박기루	기루	1991-08-14	Blady	South Korea		0	0	Incheon				giru_p	
	Tina	Christine Joy Park	크리스틴 조이 박	티나	1994-09-01	Blady	USA	South Korea	0	0	Los Angeles				nuhmootina	
	Yeeun	Hwang Yeeun	황예은	예은	1997-01-12	Blady	South Korea		0	0	Gimhae				yeeuneeeee_	
	Fatou	Fatou Samba	파투 삼바	파투	1995-03-23	Blackswan	Belgium	Senegal	173	0	Yoff					
	Gabi	Gabriela Strassburger Dalcin	가브리엘라 스트라스부르거 달신	가비	2002-11-07	Blackswan	Brazil	Germany	172	0	Santa Catarina					
	Leia	Larissa Kartes	라리사 카르치스	레아	2001-05-14	Blackswan	Brazil	Japan	0	0	Curitiba					
	Nvee	Florence Alena Smith	플로렌스 알레나 스미스	앤비	1999-01-10	Blackswan	USA		169	0						
	Sriya	Sriya Lenka	스리야 렌카	스리야	2003-09-15	Blackswan	India		170	0	Odisha					
Profile	Jennie	Kim Jennie	김제니	제니	1996-01-16	BLACKPINK	South Korea		163	50	Anyang					
Profile	Jisoo	Kim Jisoo	김지수	지수	1995-01-03	BLACKPINK	South Korea		162	45	Seoul					
Profile	Lisa	Pranpriya Manoban	쁘란쁘리야 마노반	리사	1997-03-27	BLACKPINK	Thailand		170	46	Bangkok					
Profile	Rosé	Roseanne Park	로잔느 박	로제	1997-02-11	BLACKPINK	South Korea		167	0	Auckland					
	Haram	Kim Haram	김하람	하람	2001-01-13	Billlie	South Korea		161	45						
	Haruna	Osato Haruna	오사토 하루나	하루나	2006-01-30	Billlie	Japan		0	0						
	Moon Sua	Moon Sua	문수아	문수아	1999-09-09	Billlie	South Korea		167	47	Cheongju					
	Sheon	Kim Suyeon	김수연	션	2003-01-28	Billlie	South Korea		162	0						
	Siyoon	Kim Siyoon	김시윤	시윤	2005-02-16	Billlie	South Korea		168	0						
	Suhyeon	Kim Suhyun	김수현	수현	2000-01-15	Billlie	South Korea		161	45	Daegu					
	Tsuki	Fukutomi Tsuki	후쿠토미 츠키	츠키	2002-09-21	Billlie	Japan		0	0						
	Haeryeong	Na Haeryeong	나해령	해령	1994-11-11	BESTie	South Korea		0	0					bestie_hr	
	Hyeyeon	Kang Hyeyeon	강혜연	혜연	1990-12-08	BESTie	South Korea		0	0			EXID		hyeyeon_2	
	Daye	Kim Hyunjung	김현정	다예	1998-02-25	Berry Good	South Korea		167	0						
	Gowoon	Moon Yujeong	문유정	고운	1998-12-18	Berry Good	South Korea		167	0						
	Johyun	Shin Jiwon	신지원	조현	1996-04-14	Berry Good	South Korea		0	0						
	Sehyung	Kang Sehyung	강세형	세형	1998-12-13	Berry Good	South Korea		169	0						
	Seoyul	Seo Yuri	서유리	서율	1997-11-26	Berry Good	South Korea		163	0						
	Chloe Young	Chloe Duong	클로이 두옹	클로이 영	2001-10-31	BADVILLAIN	South Korea	Canada	0	0						
	Emma	Song Hyemin	송혜민	엠마	2000-04-26	BADVILLAIN	South Korea		160	50	Seoul					
	Hu'e	Kim Inhye	김인혜	휴이	2003-11-20	BADVILLAIN	South Korea		0	0						
	Ina	Jeong Yina	정이나	이나	2004-06-08	BADVILLAIN	South Korea	Australia	0	0	Sydney					
	Kelly	Ha Seoyeon	하서연	켈리	2006-06-16	BADVILLAIN	South Korea		0	0						
	Vin	Choi Seobin	최서빈	빈	2004-11-27	BADVILLAIN	South Korea		0	0						
	Yunseo	Kim Yunseo	김윤서	윤서	2004-07-03	BADVILLAIN	South Korea		166	43	Seoul					
	K.Me	Na Miri	나미리	케이미	1992-04-10	BADKIZ	South Korea		0	0	Yeosu				k.me93	
	LuA	Jo Hankyeung	조한경	루아	1991-09-14	BADKIZ	South Korea		0	0	Busan					
	Monika	Kang Yeh	강예	모니카	1991-05-21	BADKIZ	South Korea		0	0	Seoul				maygirl_nika	
	Somin	Jang Somin	장소민	소민	1993-11-10	BADKIZ	South Korea		0	0	Gwangmyeon				somin.92	
	U-Si	Yoo Jiyeon	윤지연	유시	1997-11-13	BADKIZ	South Korea		0	0	Iksan				_u_si	
Profile	Ahyeon	Jung Ahyeon	정아현	아현	2007-04-11	BABYMONSTER	South Korea		0	0						
Profile	Asa	Enami Asa	에나미 아사	아사	2006-04-17	BABYMONSTER	Japan		0	0						
Profile	Chiquita	Riracha Phondechaphiphat	리라차 폰데차피팟	치키타	2009-02-17	BABYMONSTER	Thailand		0	0						
Profile	Haram	Shin Haram	신하람	하람	2007-10-17	BABYMONSTER	South Korea		0	0						
Profile	Pharita	Pharita Chaikong	파리따 차이콩	파리타	2005-08-26	BABYMONSTER	Thailand		0	0	Bangkok					
Profile	Rora	Lee Dain	이다인	로라	2008-08-05	BABYMONSTER	South Korea		0	0						
Profile	Ruka	Kawai Ruka	카와이 루카	루카	2002-03-20	BABYMONSTER	Japan		0	0						
Profile	Choerry	Choi Yerim	최예림	최리	2001-06-04	ARTMS	South Korea		0	0		Loona Odd Eye Circle, ARTMS	LOONA			
Profile	Haseul	Jo Haseul	조하슬	하슬	1997-08-18	ARTMS	South Korea		0	0	Ansan	Loona 1/3	LOONA			
Profile	Heejin	Jeon Heejin	전희진	희진	2000-10-19	ARTMS	South Korea		0	0	Seongnam	Loona 1/3,ARTMS	LOONA			
Profile	JinSoul	Jung Jinsol	정진솔	진솔	1997-06-13	ARTMS	South Korea		0	0		Loona Odd Eye Circle, ARTMS	LOONA			
Profile	Kim Lip	Kim Jungeun	김정은	김립	1999-02-10	ARTMS	South Korea		0	0		Loona Odd Eye Circle, ARTMS	LOONA			
	Damhee	Park Damhee	박담희	담희	2000-06-21	ARTBEAT	South Korea		0	0						
	Gaeun	Lee Gaeun	이가은	가은	2000-07-18	ARTBEAT	South Korea		0	0						
	Haeun	Lee Haeun	윤하은	하은	2002-06-25	ARTBEAT	South Korea		157	0						
	Seyoung	Ha Seyoung	하세영	세영	1999-02-03	ARTBEAT	South Korea		166	50	Daegu					
	Sieun	Lee Sieun	이시은	시은	2001-05-29	ARTBEAT	South Korea		160	50	Daegu					
	Yoojin	Ahn Yoojin	안유진	유진	2000-02-29	ARTBEAT	South Korea		0	0						
	Yubin	Oh Yubin	오유빈	유빈	1998-11-26	ARTBEAT	South Korea		162	47						
	Dawon	Lee Dawon	이다원	다원	1996-12-02	ARIAZ	South Korea		0	0						
	Hyogyeong	Jang Hyogyeong	장효경	효경	1999-11-15	ARIAZ	South Korea		0	0						
	Jueun	Jo Jueun	조주은	주은	2001-01-27	ARIAZ	South Korea		0	0						
	Sihyeon	Kang Sihyeon	강시현	시현	1998-07-15	ARIAZ	South Korea		0	0						
	Yeori	Choi Yeori	최여리	여리	1999-09-08	ARIAZ	South Korea		0	0						
	Yunji	Kim Yunji	김윤지	윤지	1996-08-26	ARIAZ	South Korea		0	0						
	Areum	Kim Daun	김다운	아름	1998-01-31	AREAL	South Korea		0	0			Rose Finger			
	Dabi	Park Jiwon	박지원	다비	2000-01-19	AREAL	South Korea		0	0			MIDNIGHT			
	Hyebin	Kim Hyebin	김혜빈	혜빈	1997-03-29	AREAL	South Korea		0	0			Rose Finger			
	Segye	Shin Segye	신세계	세계	1998-08-19	AREAL	South Korea		0	0			Rose Finger			
Profile	Chaekyung	Yoon Chaekyung	윤채경	채경	1996-07-07	APRIL	South Korea		160	45	Incheon	C.I.V.A, I.B.I	Puretty			
Profile	Chaewon	Kim Chaewon	김채원	채원	1997-11-08	APRIL	South Korea		0	0	Gongju					
Profile	Jinsol	Lee Jinsol	이진솔	진솔	2001-12-04	APRIL	South Korea		0	0	Andong					
Profile	Naeun	Lee Naeun	이나은	나은	1999-05-05	APRIL	South Korea		0	0	Daejeon					
Profile	Rachel	Sung Nayeon	성나연	레이첼	2000-08-28	APRIL	South Korea	USA	0	0						
Profile	Yena	Yang Yena	양예나	예나	2000-05-22	APRIL	South Korea		0	0	Daegu					
Profile	Bomi	Yoon Bomi	윤보미	보미	1993-08-13	Apink	South Korea		163	0	Suwon	Chobom				
Profile	Chorong	Park Chorong	박초롱	초롱	1991-03-03	Apink	South Korea		165	0	Chungwongoon	Chobom			mulgokizary	
Profile	Eunji	Jung Eunji	정은지	은지	1993-08-18	Apink	South Korea		163	0	Busan				artist_eunji	
Profile	Hayoung	Oh Hayoung	오하영	하영	1996-07-19	Apink	South Korea		167	0	Seoul				o_h_y_y	
Profile	Namjoo	Kim Namjoo	김남주	남주	1995-04-15	Apink	South Korea		165	0	Seoul				sarangdungy	
Profile	Chanmi	Kim Chanmi	김찬미	찬미	1996-06-19	AoA	South Korea		166	47	Gumi				chanmi_96a	
Profile	Hyejeong	Shin Hyejeong	신혜정	혜정	1993-08-10	AoA	South Korea		170	48	Seoul				dongdong810	
Profile	Seolhyun	Kim Seolhyun	김설현	설현	1995-01-03	AoA	South Korea		167	47	Bucheon				sh_9513	
Profile	Yuna	Seo Yuna	서유나	유나	1992-12-30	AoA	South Korea		163	45	Busan	AOA BLACK			yn_s_1230	
	Dalyn	Lee Sohyun	이소현	달린	1999-08-27	ANS	South Korea		0	0						
	Dami	Hong Dayoung	홍다영	담이	2001-06-07	ANS	South Korea		0	0						
	Haena	Jeon Eunbi	전은비	해나	2002-02-19	ANS	South Korea		0	0						
	J	Lee Yeji	이예지	제이	1998-02-12	ANS	South Korea		0	0						
	Lina	Oh Sejin	오세진	리나	1997-07-27	ANS	South Korea		0	0						
	Raon	Lee Seoyoung	이서영	라온	2000-01-21	ANS	South Korea		0	0						
	Royeon	Jeon Hyunjoo	전현주	로연	1998-02-20	ANS	South Korea		0	0						
Profile	Chaejeong	Lee Chaejeong	이채정	채정	1999-08-26	ALICE	South Korea		164	48						
Profile	Do-A	Choi Yuna	최윤아	도아	1999-02-02	ALICE	South Korea		0	0						
Profile	EJ	Kim Eunji	김은지	이제이	1997-08-13	ALICE	South Korea		164	47						
Profile	Karin	Min Karin	민가린	가린	2002-01-05	ALICE	South Korea		0	0						
Profile	Sohee	Kim Sohee	김소희	소희	1999-12-31	ALICE	South Korea		0	0						
Profile	Yeonje	Yang Yeonje	양연제	혜성	1999-10-15	ALICE	South Korea		0	0						
Profile	Yukyung	Lee Yukyung	이유경	유경	1999-11-05	ALICE	South Korea		0	0						
	E-Young	Noh Yiyoung	노이영	이영	1992-08-16	After School	South Korea		0	0	Chuncheon				e_young0816	
	Kaeun	Lee Kaeun	이가은	가은	1994-08-20	After School	South Korea		0	0	Seoul				realkkaaanngg	
	Lizzy	Park Sooyoung	박수영	리지	1992-07-31	After School	South Korea		0	0	Busan	Orange Caramel			luvlyzzy	
	Nana	Im Jinah	임진아	나나	1991-09-14	After School	South Korea		0	0	Cheongju	Orange Caramel			jin_a_nana	
	Raina	Oh Hyerin	오혜린	레이나	1989-05-07	After School	South Korea		0	0	Ulsan	Orange Caramel			raina_57	
Profile	Giselle	Uchinaga Aeri	우치나가 애리	지젤	2000-10-30	aespa	Japan		166	0						
Profile	Karina	Yoo Jimin	유지민	카리나	2000-04-11	aespa	South Korea		167	45	Gyeonggi					
Profile	Ningning	Ning Yizhuo	닝이쭤	닝닝	2002-10-23	aespa	China		165	43	Harbin					
Profile	Winter	Kim Minjung	김민정	윈터	2001-01-01	aespa	South Korea		0	0	Yangsan					
	Chaeeun	Yoon Chaeeun	윤채은	채은	2005-12-10	ADYA	South Korea		0	0	Mokpo					
	Sena	Lim Yena	임예나	세나	2005-10-12	ADYA	South Korea		0	0	Incheon					
	Seowon	Jung Seowon	정서원	서원	2004-04-26	ADYA	South Korea		0	0	Gwacheon					
	Seungchae	Cho Seungchae	조승채	승채	2006-10-26	ADYA	South Korea		0	0						
	Yeonsu	Ryu Yeonsu	류연수	연수	2003-02-19	ADYA	South Korea		0	0	Daegu					
	Hyemi	Pyo Hyemi	표혜미	혜미	1991-04-03	9Muses	South Korea		171	46	Gwangju	9MUSES A			pyopyohyemi	
	Keumjo	Lee Keumjo	이금조	금조	1992-12-17	9Muses	South Korea		167	48	Daegu	9MUSES A			keumjo_1217	
	Kyungri	Park Kyungri	박경리	경리	1990-07-05	9Muses	South Korea		170	50	Busan	9MUSES A			gyeongree	
	Sojin	Jo Sojin	조소진	소진	1991-10-11	9Muses	South Korea		170	47	Gwangju	9MUSES A			josojin_1011	
	Sungah	Son Sungah	손성아	성아	1989-07-08	9Muses	South Korea	Fiji	172	48	Suma				ssungahhbaby	
	Heeo	Gwak Heeoh	곽히오	히오	1994-05-02	4TEN	South Korea		0	0						
	Hyeji	Jeong Hyeji	정혜지	혜지	1992-04-02	4TEN	South Korea		0	0	Seoul					
	Hyejin	Baek Hyejin	백혜진	혜진	1996-11-21	4TEN	South Korea		0	0	Sacheon					
	Yoon	Heo Yoon	허윤	윤	1994-09-23	4TEN	South Korea		0	0						
	Gayoon	Heo Gayoon	허가윤	가윤	1990-05-18	4minute	South Korea		165	0	Seoul	2YOON			gayoon_heo	
Profile	HyunA	Kim Hyuna	김현아	현아	1992-06-06	4minute	South Korea		164	0	Jeolla		Wonder Girls		hyunah_aa	
	Jihyun	Nam Jihyun	남지현	지현	1990-01-09	4minute	South Korea		167	0	Seoul				njh9019	
	Jiyoon	Jeon Jiyoon	전지윤	지윤	1990-10-15	4minute	South Korea		165	0	Seoul	2YOON			jenyerjiyoon	
	Sohyun	Kwon Sohyun	권소현	소현	1994-08-30	4minute	South Korea		162	0	Seoul				kkwonsso_94	
	Haeun	Yoon Haeun	윤하은	하은	1999-03-12	3YE	South Korea		163	0			Apple.B			
	Yuji	Son Yuji	손유지	유지	1998-11-25	3YE	South Korea		160	45			Apple.B			
	Yurim	Park Yurim	박유림	유림	1998-04-13	3YE	South Korea		164	0			Apple.B			
	Bom	Park Bom	박봄	봄	1984-03-24	2NE1	South Korea		0	0					haroobommi	
	CL	Lee Chaerin	이채린	씨엘	1991-02-26	2NE1	South Korea		0	0					chaelincl	
	Dara	Park Sandara	박산다라	다라	1984-11-12	2NE1	South Korea		0	0					daraxxi	
	Minzy	Kong Minji	공민지	민지	1994-01-18	2NE1	South Korea		0	0						
	Daeun	Jung Daeun	정다은	정다은	1994-06-03	2EYES	South Korea		161	0	Bucheon				da.ni_jung	
	Dasom	Lee Dasom	이다솜	다솜	1993-11-13	2EYES	South Korea		164	0	Cheongju					
	Hyangsuk	Lee Hyangsuk	이향숙	향숙	1991-04-24	2EYES	South Korea		165	0	Seoul				baby_sook	
	Hyerin	Kim Hyerin	김혜린	혜린	1993-06-13	2EYES	South Korea		170	0	Seoul				hyelyn0723	
	Jamie	Park Jimin	박지민	박지민	1997-07-05	15&	South Korea		160	0	Junggu				jiminxjamie	
	Yerin	Baek Yerin	백예린	백예린	1997-06-26	15&	South Korea		165	0	Daejeon				yerinb	
Profile	Minnie	Nicha Yontararak	니차 욘타라락	민니	1997-10-23	(G)I-DLE	Thailand		0	0						
Profile	Miyeon	Jo Miyeon	조미연	미연	1997-01-31	(G)I-DLE	South Korea		0	0						
Profile	Shuhua	Yeh Shuhua	예슈화	슈화	2000-01-06	(G)I-DLE	Taiwan		161	45						
Profile	Soyeon	Jeon Soyeon	전소연	소연	1998-08-26	(G)I-DLE	South Korea		157	42						
Profile	Yuqi	Song Yuqi	송우기	우기	1999-09-23	(G)I-DLE	China		162	48	Beijing					
	Ailee	Lee Yejin	이예진	에일리	1989-05-30		South Korea	USA	165	0	Denver				aileeonline	
	Aini	Kim Heejung	김희정	아이니	1991-07-13		South Korea		163	44			Pink Fantasy			
	AleXa	Kim Seri	김세리	알렉사	1996-12-06		USA		0	0						
Profile	Arang	Son Mnjung	손민정	아랑	2000-03-08		South Korea		0	0			NeonPunch		sunghyuk_seo	
	Bekah	Rebecca Kim	김레베카	베카	1989-08-11		South Korea	USA	0	0	Honolulu		After School			
	BIBI	Kim Hyungseo	김형서	비비	1998-09-27		South Korea		0	0						
	BoA	Kwon Boa	권보아	보아	1986-11-05		South Korea		0	0	Guri				boakwon	
Profile	Boram	Jeon Boram	전보람	보람	1986-03-22		South Korea		155	45	Seoul		T-ara		bo_ram_0322	
Profile	Cheng Xiao	Cheng Xiao	청샤오	성소	1998-07-15		China		167	0	Shenzhen		WJSN		chengxiao_0715	
Profile	Chi.u	Lee Jaeyi	이재이	치유	1998-08-16		South Korea		0	0			X:IN			
Profile	Choa	Park Choa	박초아	초아	1990-03-06		South Korea		160	42	Incheon		AoA, AOA BLACK		queenchoa_	
	Chungha	Kim Chungha	김청하	청하	1996-02-09		South Korea		0	0	Dallas		I.O.I			
Profile	Chuu	Kim Jiwoo	김지우	츄	1999-10-20		South Korea		0	0	Cheongju	Loona yyxy	LOONA			
	Dahye	Song Dahye	송다혜	다혜	1993-06-12		South Korea		0	0			EXID, BESTie		dahye0612	
	Dain	Song Jieun	송지은	다인	1990-06-25		South Korea		0	0			Wassup			
Profile	Daisy	Yoo Jeongahn	유정안	데이지	1999-01-22		South Korea		0	0	Seoul		MOMOLAND			
	Denise	Kim Denise	김데니스	데니스	2001-01-11		South Korea	USA	0	0			SECRET NUMBER			
	Dohee	Yoon Dohee	윤도희	도희	1999-09-24		South Korea		0	0			NeonPunch			
Profile	Elkie	Chong Ting Yan	쫑딩얀	엘키	1998-11-02		Hong Kong		163	45	Hong Kong		CLC			
Profile	Ella	Kim Kyungjoo	김경주	엘라	1998-03-26		South Korea		0	0			Cherry Bullet, Pixy			
	Euaerin	Lee Hyemin	이혜민	이유애린	1988-05-03		South Korea		174	48	Seoul		9Muses			
Profile	Eunjin	Ahn Eunjin	안은진	은진	1997-08-31		South Korea		170	49	Mokpo		DIA			
	Eyedi	Nam Yujin	남유진	아이디	1995-12-08		South Korea		0	0						
	G.NA	Gina Jane Choi	최지나	지나	1987-09-13		Canada	South Korea	167	0	Edmonton				missginachoi87	
	Gaeun	Cho Kaeun	조가은	가은	1992-07-28		South Korea		0	0	Changwon		Dal Shabet			
	Gaga	Li Jia Jia	리 지아 지아	가가	1999-09-01		China		0	0			NATURE			
Profile	Garam	Kim Garam	김가람	가람	2005-11-16		South Korea		170	0			LE SSERAFIM			
Profile	Gyuri	Jang Gyuri	장규리	규리	1997-12-27		South Korea		0	0	Seoul		fromis_9			
	Habin	Yoo Habin	유하빈	하빈	2002-03-10		South Korea		165	48			Dreamnote			
Profile	Hajeong	Lee Hajeong	이하정	하정	1997-09-23		South Korea		0	0			NeonPunch		sunghyuk_seo	
	Hanbyeol	Ahn Hanbyeol	안한별	한별	2003-10-13		South Korea		166	44			Dreamnote			
Profile	Hayun	Lee Hayun	이하윤	하윤	1994-08-29		South Korea		0	0	Changwon		Brave Girls		hayoon.y	
	Henny	Kang Gayoung	강가영	헤니	1994-12-01		South Korea		168	50			MIXX			
	Huiyeon	Oh Huiyeon	오휘연	휘연	2005-08-01		South Korea		0	0			LIGHTSUM			
	Hyeran	Noh Hyeran	노혜란	혜란	1993-04-09		South Korea		0	0			Brave Girls		hrannnoh	
Profile	Hyeyeon	Cho Hyeyeon	조혜연	혜연	2000-08-05		South Korea		0	0		Gugudan Oguogu	Gugudan			
	Hyuna	Moon Hyuna	문현아	현아	1987-01-19		South Korea		172	50	Yeosu		9Muses		moongom119	
	Hyunseo	Go Hyunseo	고현서	현서	1999-06-17		South Korea		0	0			G-reyish			
	I	Cha Yoonji	차윤지	아이	1996-12-02		South Korea		0	0	Busan					
	IU	Lee Jieun	이지은	아이유	1993-05-16		South Korea		162	0	Seoul				dlwlrma	
	Jenna	Kim Minji	김민지	제나	2006-10-06		South Korea		0	0	Changwon		Queenz Eye			
Profile	Jenny	Lee Soyul	이소율	제니	1996-09-04		South Korea		165	47	Seoul		DIA			
	Jessica	Jessica Jung	제시카 정	제시카	1989-04-18		South Korea		0	0			SNSD		jessica.syj	
	Jian	Kim Jian	김지안	지안	2006-11-04		South Korea		0	0			LIGHTSUM			
	Jieun	Park Jieun	박지은	지은	1997-09-04		South Korea		166	49			Purple Kiss			
Profile	Jiho	Kim Jiho	김지호	지호	1997-04-04		South Korea		165	49	Okcheon		Oh My Girl			
Profile	Jimin	Shin Jimin	신지민	지민	1991-01-08		South Korea		160	43	Seoul	AOA BLACK	AoA		jiminbaby_18	
Profile	JinE	Shin Hyejin	신혜진	진이	1995-01-22		South Korea		160	48	Pohang		Oh My Girl			
	Jinju	Park Jinju	박진주	진주	1990-04-28		South Korea		0	0			Wassup			
Profile	Jinni	Choi Yujin	최윤진	지니	2004-04-16		South Korea		0	0			NMIXX			
Profile	Jiyoon	Shin Jiyoon	신지윤	지윤	2002-03-02		South Korea		0	0			Weeekly	Lead Vocal, Lead Dancer		
	Jiyul	Yang Jungyoon	양정윤	지율	1991-07-30		South Korea		0	0	Seoul		Dal Shabet			
	JOO	Jung Minjoo	정민주	주	1990-10-11		South Korea		0	0	Seoul					
	Jooyeon	Lee Jooyeon	이주연	주연	1987-03-19		South Korea		0	0	Seoul		After School		jupppal	
	Judy	Kim Dahye	김다혜	주디	1995-05-16		South Korea		0	0			Blackswan			
	Jungah	Kim Jungah	김정아	정아	1983-08-02		South Korea		0	0	Incheon		After School		i_am_jjunga	
	Kahi	Park Jiyoung	박지영	가희	1980-12-25		South Korea		0	0	Daegu		After School		imisskahi	
	Kiara	Baek Jinjoo	백진주	키아라	1998-08-20		South Korea		0	0						
Profile	Kokoro	Kato Kokoro	카토 코코로	코코로	2000-11-01		Japan		0	0			Cherry Bullet			
	Kriesha Chu	Kriesha Ziskind Teo Tiu	크리샤 지스킨드 테오 티우	크리샤 츄	1998-12-20		Philippines		0	0	Cebu					
Profile	Lin Lin	Huang Ziting	황자정	린린	2003-07-05		Taiwan		0	0			Cherry Bullet			
	May	Jeong Chaeyoung	정채영	메이	2001-07-27		South Korea		0	0			NeonPunch			
Profile	Meiqi	Meng Meiqi	멍메이치	미기	1998-10-15		China		164	0	Luoyang		WJSN			
Profile	Mina	Kwon Mina	권민아	민아	1993-09-21		South Korea		159	43	Busan		AOA, AOA BLACK		kvwowv	
	Minha	Park Minha	박민하	민하	1991-06-27		South Korea		172	47	Seoul		9Muses		blossomh_	
	Minjung	Cha Minjung	차민정	민정	2004-07-15		South Korea		0	0			Busters			
	Nada	Yoon Yejin	윤예진	나다	1991-05-24		South Korea		0	0			Wassup			
Profile	Naeun	Son Naeun	손나은	나은	1994-02-10		South Korea		168	0	Seoul		Apink		marcella_the_naeun	
Profile	Roa	Kwak Jieun	곽지은	로아	1994-10-06		South Korea		0	0			X:IN			
	Sanga	Lee Sanga	이상아	상아	1999-08-05		South Korea		165	0			Pink Fantasy			
	Satbyeol	Jeon Yujin	전유진	샛별	2001-02-27		South Korea		165	0			Girls Alert, Pixy			
	Sika	Ren Shika	렌 시카	시카	1995-08-22		China		165	0			FANATICS			
	Sitala	Sitala Wongkrachang	시탈라 웡크라창	시탈라	1996-04-23		Thailand		173	0			H1-KEY			
	Sohee	Uhm Sohee	음소희	소희	2004-01-01		South Korea		0	0			ICHILLIN'			
	Sohye	Kim Sohye	김소혜	소혜	1999-07-19		South Korea		0	0	Seoul		I.O.I			
	Somi	Jeon Somi	전소미	소미	2001-03-09		South Korea	Canada	0	0	Ontario		I.O.I			
	Songyee	Park Songyee	박송이	송이	2004-09-25		South Korea		0	0			woo!ah!	Main Rapper		
Profile	Soojin	Seo Soojin	서수진	수진	1998-03-09		South Korea		0	0			(G)I-DLE			
Profile	Soyeon	Park Soyeon	박소연	소연	1987-10-05		South Korea		163	46	Andong		T-ara		melodysoyani	
	Soyoung	Yoo Soyoung	유소영	소영	1996-03-29		South Korea		0	0	Seoul		After School		ssossolovely	
	Sulli†	Choi Jinri	최진리	설리	1994-03-29		South Korea		0	0	Busan		f(x)			
Profile	Sunhwa	Han Sunhwa	한선화	선화	1990-10-06		South Korea		0	0	Busan		SECRET		shh_daily	
	Sunn	Hwang Jiwon	황지원	선	2000-02-07		South Korea		0	0	Jincheon		Good Day, Cignature			
	Taeha	Yoo Taeha	유태하	태하	1995-10-05		South Korea		162	0			Berry Good			
Profile	Taeha	Kim Taeha	김태하	태하	1998-06-03		South Korea		0	0	Jeonju		MOMOLAND			
	Terry	Han Dasom	한다솜	테리	1998-02-02		South Korea		0	0			NeonPunch			
	Uee	Kim Yujin	김유진	유이	1988-04-09		South Korea		0	0	Daegu		After School			
	Uji	Jang Yuji	정유지	유지	1991-01-02		South Korea		0	0			EXID, BESTie		yudi_didi	
	Viki	Kang Eunhye	강은혜	비키	1988-03-28		South Korea		0	0	Seoul		Dal Shabet			
Profile	Xuanyi	Wu Xuanyi	우쉬안이	선의	1995-01-26		China		166	0	Hainan		WJSN			
	Yeah	Kim Haeun	김하은	예아	1999-10-09		South Korea		0	0	Gongju		Good Day, Cignature			
Profile	Yeonwoo	Lee Dabin	이다빈	연우	1996-08-01		South Korea		170	49	Seoul		MOMOLAND			
	Yeum	Jung Myeongwoo	정명우	예음	2001-11-19		South Korea		0	0			PRIMROSE			
	Yoojin	Jang Yoojin	정유진	유진	1992-09-14		South Korea		0	0			Brave Girls		yoojinbabe	
	Yookyung	Seo Yookyung	서유경	유경	1993-03-15		South Korea		167	48			AOA BLACK			
	Youngheun	Go Youngheun	고영흔	영흔	1994-11-20		South Korea		0	0			Blackswan			
	Yubin	Cho Yubin	조유빈	유빈	1999-10-09		South Korea		156	40			Pink Fantasy			
Profile	Yujeong	Kim Yujeong	김유정	유정	1992-02-14		South Korea		161	42	Seoul		LABOUM	Leader		
Profile	Yulhee	Kim Yulhee	김율희	율희	1997-11-27		South Korea		166	52	Bucheon		LABOUM	Main Rapper		
Profile	Yves	Ha Sooyoung	하수영	이브	1997-05-24		South Korea		0	0		Loona yyxy	LOONA			