	2Soul	Kim Younghoon	김영훈	이솔	1997-09-10	7 O'clock	South Korea		172	55						
	A-min	Cho Minwoo	조민우	아민	2004-05-22	EPEX	South Korea		175	54	Namyangju					
	A.M	Seong Hyunwoo	성현우	에이엠	1996-12-31	Limitless	South Korea		181	62						
	Ace	Jang Wooyoung	장우영	에이스	1992-08-28	VAV	South Korea		177	63						
	Ahxian	Park Sungkook	박성국	아시안	1996-03-27	VANNER	South Korea		177	60	Gyeonggi					
	Alex	Alexander Schmidt Lee	알렉산더 슈미트 리	알렉스	2004-10-06	DRIPPIN	Germany	South Korea	180	0						
	Allen	Allen Ma	앨런 마	앨런	1999-04-26	CRAVITY	USA	South Korea	0	0						
	Andy	Lee Sunho	이선호	앤디	1981-01-21	Shinhwa	South Korea		175	62	Seoul					
	Andy	Lui Chunyeung	루이쯔양	앤디	1994-10-06	7 O'clock	Hong Kong		0	0						
	Anthony	Anthony Lo	엔써니 루오	엔써니	1998-03-12	VARSITY	China	USA	179	0						
	Anton	Anton Chanyoung Lee	앤톤 찬영 리	앤톤	2004-03-21	RIIZE	USA	South Korea	184	0						
	Aron	Kwak Youngmin	곽영민	아론	1993-05-21	NU'EST	South Korea	USA	0	0	California	NU'EST W				
	Arthur	Jang Yunho	장윤호	아서	2000-04-15	Kingdom	South Korea		176	57			VARSITY			
	Asahi	Hanada Asahi	하나다 아사히	아사히	2001-08-20	Treasure	Japan		0	0						
	Ayden	Kwon Yejun	권예준	에이든	2005-01-24	EPEX	South Korea		174	55						
	Ayno	Noh Yoonho	노윤호	에이노	1996-05-01	VAV	South Korea		183	61						
Profile	B-Bomb	Lee Minhyuk	이민혁	비범	1990-12-14	Block B	South Korea		178	60	Seoul	Bastarz				
	B-Joo	Kim Byungjoo	김병주	비주	1994-01-08	Topp Dogg	South Korea		0	0	Seoul					
	B.I	Kim Hanbin	김한빈	비아이	1996-10-22		South Korea		0	0	Goyang		iKON			
	B.S	Lee Youngsoo	이영수	비에스	1995-04-14	14U	South Korea		0	0						
	Baek Seung	Kim Hyunwoo	김현우	백승	2004-10-05	EPEX	South Korea		186	64	Seoul					
	Baekgyeul	Baek Sunwoo	백결	백선우	1999-12-01	E'LAST	South Korea		180	61						
	Baekho	Kang Dongho	강동호	백호	1995-07-21	NU'EST	South Korea		0	0	Jeju	NU'EST W				
	Baekhyun	Byun Baekhyun	변백현	백현	1992-05-06	EXO	South Korea		174	58	Wonmi	EXO-CBX, SuperM				
	Bain	Song Byeonghee	송병희	배인	2001-05-04	JUST B	South Korea		0	0						
Profile	BamBam	Kunpimook Bhuwakul	꾼삐묵 부와꾼	뱀뱀	1997-05-02	GOT7	Thailand		170	52	Bangkok					
Profile	Bang Chan	Bang Chan	방찬	방찬	1997-10-03	Stray Kids	Australia	South Korea	0	0	Sydney	3RACHA				
	Bao	Bae Sungyeob	배성엽	바오	1996-05-12	XEED	South Korea		182	63			LUCENTE			
Profile	Baro	Cha Sunwoo	차선우	바로	1992-09-05		South Korea		178	63	Gwangju		B1A4			
	Baron	Choi Chunghyeop	최충협	바론	1992-04-19		South Korea		180	60			VAV			
	BC	Jin Sungho	진성호	비시	1994-07-18	1TEAM	South Korea		0	0						
	BEL	Choi Sunghoon	최성훈	벨	2000-05-21	DUSTIN	South Korea		0	0						
	Benji	Baek Jaewook	배제욱	벤지	1992-05-03	B.I.G	USA	South Korea	183	72	Indianapolis					
Profile	Beomgyu	Choi Beomgyu	최범규	범규	2001-03-13	TXT	South Korea		0	0						
	Beomsoo	Kim Beomsoo	김범수	범수	2000-09-29	XODIAC	South Korea		183	63	Busan					
	Bic	Nam Seungmin	남승민	빅	2001-04-25	MCND	South Korea		0	0						
	Bin	Kwon Soobin	김수빈	빈	1993-10-28	Hot Blood Youth	South Korea		0	0						
	Bit	No Minjae	노민재	빛	2004-07-21	BAE173	South Korea		0	0						
	Bitsaeon	Kim Sangyeon	김상연	빛새온	1995-06-04	MONT	South Korea		181	60						
	Bitto	Lee Changhyun	이창현	비토	1996-08-24	UP10TION	South Korea		0	0	Dongducheon					
Profile	BM	Matthew Kim	매튜김	비엠	1992-10-20	KARD	South Korea		0	0						
	Bobby	Kim Jiwon	김지원	바비	1995-12-21	iKON	South Korea	USA	0	0	Seoul					
	Bokeun	Kim Bokeun	김복은	복은	1994-10-12	SIGNAL	South Korea		0	0						
	Bomin	Choi Bomin	최보민	보민	2000-08-24	Golden Child	South Korea		0	0						
	Boyul	Kwon Boyul	권보율	보율	2002-01-21	WEUS	South Korea		179	60						
	Brian	Brian Ho	브라이언 호	브라이언	2002-08-27	AMPERS&ONE	Canada	China	186	0	Vancouver					
	Bullet	Jin Junwoo	진준우	블릿	1995-12-02	VARSITY	South Korea		182	65	Seoul					
Profile	BX	Lee Byounggon	이병곤	비엑스	1998-03-05	CIX	South Korea		180	61	Incheon			Leader, Main Rapper		
	Byeongkwan	Kim Byeongkwan	김병관	병관	1996-08-13	A.C.E	South Korea		0	0	Seoul					
	Byungchan	Choi Byungchan	최병찬	병찬	1997-11-12	VICTON	South Korea		0	0						
	Byunghoon	Choi Byunghoon	최병훈	병훈	2000-04-26	CMDM	South Korea		0	0						
	C.A.P	Bang Minsoo	방민수	캡	1992-11-04	Teen Top	South Korea		0	0	Seongnam					
	Casper	Chu Xiaoxiang	저효상	캐스퍼	1991-03-20	CROSS GENE	China		176	66	Shanghai					
	Castle J	Son Sangjoon	손성준	캐슬제이	1999-05-31	MCND	South Korea		0	0						
	Cha Hoon	Cha Hoon	차훈	차훈	1994-07-12	N.Flying	South Korea		0	0	Seoul			Guitar		
	Chaejin	Chae Jinseok	채진석	채진	1995-12-26	MYNAME	South Korea		0	0	Seoul					
	Chael	Lim Junyeop	임준엽	카엘	2001-12-07	LUN8	South Korea		186	0						
	Chan	Jung Chanwoo	정찬우	찬	1998-01-26	iKON	South Korea		0	0	Yongin					
	Chan	Kang Yoochan	강유찬	찬	1997-12-31	A.C.E	South Korea		0	0	Jeju	UNB				
	Chan	Jo Chanhyuk	조찬혁	찬	1999-12-08	TOO	South Korea		0	0						
Profile	Changbin	Seo Changbin	서창빈	창빈	1999-08-11	Stray Kids	South Korea		0	0	Yongin	3RACHA				
	Changbum	Woo Changbum	우창범	창범	1993-10-07		South Korea		0	0	Sokcho		100%			
	Changgyu	Song Changgyu	송창규	창규	1993-07-06	UNVS	South Korea		0	0						
	Changjo	Choi Jonghyun	최종현	창조	1995-11-16	Teen Top	South Korea		0	0	Chuncheon					
	Changsub	Lee Changsub	이창섭	창섭	1991-02-26	BtoB	South Korea		177	64	Suwon					
	Changsun	Lee Changsun	이창선	창선	1996-03-17	24K	South Korea		179	58						
	Changuk	Joo Changuk	주창욱	창욱	2001-07-25	DRIPPIN	South Korea		184	59						
	Chani	Kang Chanhee	강찬희	찬희	2000-01-17	SF9	South Korea		0	0						
	Chansung	Hwang Chansung	황찬성	찬성	1990-02-11	2PM	South Korea		184	75	Seoul					
	Chanwon	An Chanwon	안찬원	찬원	2008-03-21	The Wind	South Korea		0	0						
	Chanwook	Yang Chanwook	양찬욱	찬욱	2002-02-25	WEUS	South Korea		184	62						
	Chanyeol	Park Chanyeol	박찬열	찬열	1992-11-27	EXO	South Korea		185	70	Seoul					
	Chanyong	Kim Chanyong	김찬용	찬용	1993-04-29	FAVE1	South Korea		0	0	Suwon		100%			
	Chanyoung	Kim Chanyoung	김찬영	찬영	2000-11-20	D-CRUNCH	South Korea		0	0						
	Chanyoung	Jung Chanyoung	정찬영	찬영	2004-01-31	HAWW	South Korea		180	67	Incheon					
	Chen	Kim Jongdae	김종대	첸	1992-09-21	EXO	South Korea		173	64	Silheung	EXO-CBX				
	Chenle	Zhong Chenle	중천러	천러	2001-11-22	NCT	China		0	0	Shanghai	NCT Dream				
	Chihoon	Choi Chihoon	최치훈	치훈	1999-04-27	TOO	South Korea		0	0						
	Chiwoo	Guk Seungjun	국승준	치우	2002-09-02	Kingdom	South Korea		0	0						
	Choi In	Choi In	최인	최인	1996-02-11	E'LAST	South Korea		170	50						
	Choi Jiann	Choi Jaewoo	최재우	최지안	1997-09-30	Newkidd	South Korea		175	0						
	Chris	Han Chris	한 크리스	크리스	2002-11-19	BLITZERS	South Korea		0	0						
	Chunji	Lee Chanhee	이찬희	천지	1993-10-05	Teen Top	South Korea		0	0	Seongnam					
Profile	CNU	Shin Dongwoo	신동우	신우	1991-06-16	B1A4	South Korea		182	64	Seoul					
	Cory	Hong Joohyung	홍주현	코리	1990-11-25	24K	South Korea	USA	175	58	Daegu					
	Cya	Lee Giwook	이기욱	키야	2000-01-24	Onewe	South Korea		0	0			MAS			
	D.O.	Do Kyungsoo	도경수	디오	1993-01-12	EXO	South Korea		173	60	Gyeonggi					
	D1	Jang Dongil	장동일	디원	1998-02-15	DKB	South Korea		174	59						
	Daehwi	Lee Daehwi	이대휘	대휘	2001-01-29	AB6IX	South Korea		0	0	Seoul		Wanna One			
	Daehyeon	Jang Daehyeon	장대현	대현	1997-02-11	WEi	South Korea		175	0			RAINZ		daehyeon0211	
Profile	Daehyun	Jung Daehyun	정대현	대현	1993-06-28	B.A.P	South Korea		177	63	Busan					
	Daeil	Kim Daeil	김대일	대일	1992-05-10		South Korea		0	0	Busan		24K			
	Daesung	Daesung	강대성	대성	1989-04-26	BIGBANG	South Korea		178	63	Incheon					
	Daeyeol	Lee Daeyeol	이대열	대열	1993-02-11	Golden Child	South Korea		0	0	Yongin					
	Damon	Hu Boohan	후보한	데이먼	1996-07-02	VARSITY	China		181	0						
	Daniel	Kang Daniel	강다니엘	다니엘	1996-12-10	Wanna One	South Korea		0	0	Busan					
	Dann	Jung Seungbo	정승보	단	1997-11-01	Kingdom	South Korea		178	0	Ilsan		VARSITY			
	Daon	Ahn Seonil	안선일	다온	2000-12-10	DUSTIN	South Korea		0	0						
	Davin	Kim Davin	김다빈	다빈	2002-05-30	XODIAC	South Korea		187	0	Seoul					
	Dawon	Lee Sanghyuk	이상혁	다원	1995-07-24	SF9	South Korea		0	0						
	Dawon	Cho Dawon	조다원	다원	2000-05-12	VARSITY	South Korea		183	69						
	Dey	Kim Sehyun	김세현	데이	2003-06-11	YOUNITE	South Korea		0	0						
Profile	Dino	Lee Chan	이찬	디노	1999-02-11	Seventeen	South Korea		167	54	Iksan					
Profile	DK	Lee Seongmin	이석민	도겸	1997-02-18	Seventeen	South Korea		178	68	Yongin					
	DK	Kim Donghyuk	김동혁	디케이	1997-01-03	iKON	South Korea		0	0						
	DK	Kim Dokyun	김도균	닥	1998-02-16	BLANK2Y	South Korea		0	0						
	Doha	Na Gyumin	나규민	도하	2004-03-07	BAE173	South Korea		0	0						
	Doha	Park Doha	박도하	도하	1992-03-27	XEED	South Korea		175	65	Seoul					
	Dohoon	Kim Dohoon	김도훈	도훈	2005-01-30	TWS	South Korea		0	0						
	Dohwan	Gil Dohwan	길도환	도환	2003-08-26	Ciipher	South Korea		175	61						
	Dohyon	Nam Dohyon	남도현	도현	2004-11-10	BAE173	South Korea		180	62			X1			
	Dohyuk	Kim Dohyuk	김도혁	도혁	1998-01-16	14U	South Korea		0	0						
	Dohyun	Park Dohyun	박도현	도현	2003-10-23	LUN8	South Korea		180	0						
	Dojin	Jeon Yongtae	전용태	도진	1997-03-07	ENOi	South Korea		181	61						
	Dokyun	Na Dokyun	나도균	도균	1991-02-11	HISTORY	South Korea		184	65	Daejeon					
	Donggeon	Song Donggeon	송동건	동건	1999-07-15	TOO	South Korea		0	0						
	Donghae	Lee Donghae	이동해	동해	1986-10-15	Super Junior	South Korea		176	60	Mokpo	Super Junior-M				
	Donghan	Kim Donghan	김동한	동한	1998-07-03	WEi	South Korea		0	0	Daegu		JBJ			
	Dongheon	Lee Dongheon	이동헌	동헌	1995-08-04	Verivery	South Korea		0	0						
	Donghun	Lee Donghun	이동훈	동훈	1993-05-15	A.C.E	South Korea		0	0	Suncheon					
	Donghyuk	Park Donghyuk	박동혁	동혁	1999-12-18	BLANK2Y	South Korea		178	61			ENOi			
	Donghyun	Kim Donghyun	김동현	동현	1989-02-12	Boyfriend	South Korea		178	60	Seoul					
	Donghyun	Kim Donghyun	김동현	동현	1999-02-23	Golden Child	South Korea		0	0						
	Donghyun	Kim Donghyun	김동현	동현	1998-09-17	AB6IX	South Korea		0	0	Daejeon	MXM				
	Dongjun	Kim Dongjun	김동준	동준	1992-02-11	ZE:A	South Korea		0	0	Busan					
	Dongjun	Hwang Dongjun	황동준	동준	1999-09-07		South Korea		0	0			Ghost9			
	Dongkyu	Moon Dongkyu	문동규	동규	1992-11-16	Spectrum	South Korea		0	0						
	Dongmyeong	Son Dongmyeong	곤동명	동명	2000-01-20	Onewe	South Korea		0	0			MAS			
	Dongpyo	Son Dongpyo	손동표	동표	2002-09-09	Mirae	South Korea		166	48			X1			
	Dongwan	Kim Dongwan	김동완	동완	1979-11-21	Shinhwa	South Korea		173	68	Pohang					
	Dongwon	Lee Dongwon	이동원	동원	1994-01-01	KNK	South Korea		184	0						
	Dongwoo	Jang Dongwoo	장동우	동우	1990-11-22	Infinite	South Korea		171	58	Guri	Infinite H				
	Dongwoon	Son Dongwoon	손동운	동운	1991-06-06	Highlight	South Korea		181	64	Busan		Beast			
	Dongyeon	Justin Lajo	저스틴 라조	동연	2003-09-26	POW	Philippines	South Korea	175	0	Sejong					
	Dongyun	Kim Dongyun	김동윤	동윤	2002-02-18	DRIPPIN	South Korea		177	61						
	Doojoon	Yoon Doojoon	윤두준	두준	1989-07-04	Highlight	South Korea		177	66	Goyang		Beast	Leader		
	Doryun	Kim Doryun	킴도륜	도륜	2000-05-01	AIMERS	South Korea		0	0						
	Douhyun	Yoo Douhyun	유도현	도현	2000-12-25	Mirae	South Korea		0	0						
	Dowoon	Yoon Dowoon	윤도운	도운	1995-08-25	DAY6	South Korea		0	0				Drummer		
	Doyoung	Kim Dongyoung	김동영	도영	1996-02-01	NCT	South Korea		0	0	Guri	NCT U, NCT 127				
	Doyoung	Kim Doyoung	김도영	도영	2003-12-04	Treasure	South Korea		0	0						
Profile	DY	Jeon Doyum	전도염	도염	2002-02-21	JUST B	South Korea		175	55	Daejeon		1the9			
	Dylan	Park Yeonjae	박연재	딜란	2002-07-26	D-CRUNCH	South Korea		0	0						
Profile	E'Dawn	Kim Hyojong	김효종	이던	1994-06-01		South Korea		0	0			PENTAGON			
	E-Chan	Lee Changmin	이창민	이찬	1997-02-19	DKB	South Korea		178	63						
	E-tion	Lee Changyoon	이창윤	이션	1994-12-24	ONF	South Korea		0	0	Jeonju					
	E.sol	Jeon Jaehyuk	전재혁	이솔	1992-09-17	14U	South Korea		0	0						
	Eden	Jae Won	재원	이든	1998-03-27	NINE.i	South Korea		0	0						
	Eli	Ellison Kim	엘리슨 킴	일라이	1991-03-13	U-KISS	USA	South Korea	0	0	Los Angeles					
Profile	Eric	Son Youngjae	손영재	에릭	2000-12-22	The Boyz	South Korea		171	56						
	Eric	Moon Junghyuk	문정혁	에릭	1979-02-16	Shinhwa	South Korea		180	70	Seoul					
	Eson	Kim Jungmin	김정민	이슨	1996-12-28	We In The Zone	South Korea	USA	177	63	Honolulu			Leader		
	Euijin	Lee Euijin	이의진	의진	1990-02-15	Bigflo	South Korea		0	0	Seoul					
	Eunchan	Choi Byeongseop	최병섭	은찬	2001-02-27	TEMPEST	South Korea		184	0						
	Eunho	Shin Donggeun	신동근	은호	1992-09-10	UNVS	South Korea		0	0						
Profile	Eunho	Myung Eunho	명은호	은호	2001-03-25	YOUNITE	South Korea		0	0						
	Eunhyuk	Lee Hyukjae	이혁재	은혁	1986-04-04	Super Junior	South Korea		176	58	Ilsan	Super Junior-M				
	Eunil	Kim Eunil	김은일	은일	2003-11-21	TRENDZ	South Korea		0	0						
	Eunjae	Kwak Eunjae	곽은재	은재	1996-05-02	14U	South Korea		0	0						
	Eunjun	Choi Eunjun	최은준	은준	1999-08-06	AIMERS	South Korea		0	0			Spectrum			
	Eunki	Hong Eunki	홍은기	은기	1997-09-29		South Korea		182	0			RAINZ		eun_doitz	eun_doit2
	Eunkwang	Seo Eunkwang	서은광	은광	1990-11-22	BtoB	South Korea		173	62	Yongin					
Profile	Eunsang	Lee Eunsang	이은상	은상	2002-10-26	YOUNITE	South Korea		180	58			X1			
	Eunseok	Song Eunseok	송은석	은석	2001-03-19	RIIZE	South Korea		180	57						
	Eunseop	Kim Eunseop	김은섭	은섭	2006-06-18	LUN8	South Korea		185	0						
	Eunsung	Lee Eunsung	이은성	은성	2000-09-07	TheEastLight	South Korea		0	0						
	Eunwoo	Cha Eunwoo	차은우	은우	1997-03-30	ASTRO	South Korea		0	0	Gunpo					
Profile	Felix	Lee Youngbok	이용복	필릭스	2000-09-15	Stray Kids	South Korea		0	0	Sydney					
	G-Dragon	Kwon Jiyong	권지용	지드래곤	1988-08-18	BIGBANG	South Korea		177	58	Seoul	GD&TOP				
	G.O	Jung Byunghee	정병희	지오	1987-11-06	MBLAQ	South Korea		0	0	Changwon					
	Gabin	Yoo Seunghyun	유승현	가빈	2001-09-11	JWiiver	South Korea		0	0	Busan					
	Gaon	Kwak Jiseok	곽지석	가온	2002-01-14	Xdinary Heroes	South Korea		171	0	Uijeongbu					
	Geonu	Lee Geonwoo	이건우	건우	2001-02-02	JUST B	South Korea		176	0						
	Gihwan	Kim Gihwan	김기환	기환	1993-11-24	SIGNAL	South Korea		0	0						
	Gijung	Kim Gijung	김기중	기중	2001-01-24	IM	South Korea		180	0						
	Gikwang	Lee Gikwang	이기광	기광	1990-03-30	Highlight	South Korea		171	58	Gwangju		Beast			
	Giseok	Jun Giseok	정기석	기석	1997-05-02	IM	South Korea		180	0						
	GK	Kim Kwanghyun	김광현	지케이	1998-09-29	DKB	South Korea		177	60						
	Go_U	Jang Junho	고유	장준호	2001-06-15	BLITZERS	South Korea		0	0						
	Gohn	Kim Dongsung	김동성	곤	1992-08-01		South Korea		0	0	Seoul		Topp Dogg			
	Gohyeon	Go Hyeon	고현	고현	1994-10-01	14U	South Korea		0	0						
	Gon	Kim Seongjung	김성중	곤	1998-11-13	ARGON	South Korea		0	0						
	Gon	Lee Wonseo	이원서	곤	1995-08-07	VANNER	South Korea		180	65						
Profile	Gongchan	Gong Chansik	공찬식	공찬	1993-08-14	B1A4	South Korea		181	60	Suncheon					
	Gun	Kwak Gun	곽건	건	2001-09-29	14U	South Korea		0	0						
	Gunil	Go Gunil	구건일	건일	1998-07-24	Xdinary Heroes	South Korea		170	0	Yongin					
	Gunmin	Lee Gunmin	이건민	건민	1994-10-03	B.I.G	South Korea		177	64	Gangwon					
	Gunwoo	Lee Gunwoo	이건우	건우	1989-01-30	MYNAME	South Korea		0	0	Daejeon					
	Gunwoo	Kim Gunwoo	김건우	건우	2002-05-28	T1419	South Korea		0	0						
Profile	Gunwook	Park Gunwook	박건욱	건욱	2005-10-01	ZEROBASEONE	South Korea		183	0						
	Gyehyeon	Jo Gyehyeon	조계현	계현	1999-05-14	Verivery	South Korea		0	0						
	Gyeongtae	Kwon Gyeongtae	권경태	경태	2000-07-23	14U	South Korea		0	0						
	Gyujin	Han Gyujin	한규진	규진	1997-11-21	UP10TION	South Korea		0	0	Icheon					
	Gyumin	Kim Gyumin	김규민	규민	2000-12-12	XODIAC	South Korea		175	58	Yeosu					
	Gyurae	Kim Gyurae	김규래	규래	2009-02-28	FANTASY BOYS	South Korea		183	0						
Profile	Gyuvin	Kim Gyuvin	김규빈	규빈	2004-08-30	ZEROBASEONE	South Korea		182	0	Seoul					
	Haechan	Lee Donghyuk	이동혁	해찬	2000-06-06	NCT	South Korea		0	0		NCT 127, NCT Dream				
	Haemin	Jung Haemin	정해민	해민	2004-03-16	8TURN	South Korea		183	63	Cheonan					
Profile	Hakmin	Lee Hakmin	이학민	학민	2000-09-20	TRCNG	South Korea		171	0						
Profile	Hamin	Kim Kangmin	김강민	하민	2001-11-13	BXB	South Korea		169	0	Seoul		TRCNG			
	Hamin	Jo Hamin	조하민	하민	1997-10-24	ENOi	South Korea		183	65						
Profile	Han	Han Jisung	한지성	한	2000-09-14	Stray Kids	South Korea		0	0	Incheon	3RACHA				
	Han Geng	Han Geng	한경	한경	1984-02-09		China		181	66	Mudanjiang		Super Junior			
	Hanbin	Ngo Ngoc Hung	응오 응옥 흥	한빈	1998-01-19	TEMPEST	Vietnam		176	0						
Profile	Hanbin	Sung Hanbin	성한빈	한빈	2001-06-13	ZEROBASEONE	South Korea		181	0	Cheonan					
	Hanbin	Choi Hanbin	최한빈	한빈	2007-07-25	The Wind	South Korea		0	0						
	Hanbin	Park Hanbin	박한빈	한빈	2002-03-01	EVNNE	South Korea		175	0	Iksan					
	Hanbin	Lee Hanbin	이한빈	한빈	2001-11-20	FANTASY BOYS	South Korea		180	0						
	Haneul	Lee Haneul	이하늘	하늘	1996-06-03	ARGON	South Korea		175	0						
	Hangyeom	Song Hangyeom	송한겸	한겸	1996-07-17	OMEGA X	South Korea		0	0			7 O'clock			
	Hangyul	Lee Hangyul	이한결	한결	1999-12-07	BAE173	South Korea		177	0			X1, IM			
	Hanjin	Han Zhen	한쩐	한진	2006-01-05	TWS	China		0	0						
	Hankook	Cho Hankook	조한국	한국	2002-04-03	TRENDZ	South Korea		0	0	Seoul					
	Hanse	Do Hanse	도한세	한세	1997-09-25	VICTON	South Korea		0	0						
	Hansol	Kim Hansol	김한솔	한솔	1993-06-15		South Korea		0	0	Busan		Topp Dogg			
	Harin	Ju Harin	주하린	주하린	1998-03-29	Onewe	South Korea		0	0			MAS			
	Harry-June	Han Harry-June	한해리준	해리준	2004-01-01	DKB	South Korea		178	61						
	Haruto	Watanabe Haruto	와타나베 하루토	하루토	2004-04-05	Treasure	Japan		0	0						
	Haseung	Lee Taewoo	이태우	하승	1999-07-16	WHIB	South Korea		0	0						
	Havit	Lee Havit	이하빛	하빛	1999-06-07	TRENDZ	South Korea		0	0	Incheon					
Profile	Hayoung	Choi Hayoung	최하영	하영	2000-08-22	TRCNG	South Korea		181	0						
	Hayuchan	Park Hayuchan	박하유찬	하유찬	2007-08-21	The Wind	South Korea		0	0	Incheon					
	Hee	Shin Youngseo	신용서	히	2005-12-28	DXMON	South Korea		0	0						
	Heechan	Yang Heechan	양희찬	희찬	1999-07-31	DKB	South Korea		176	63						
	Heechul	Kim Heechul	김희철	희철	1983-07-10	Super Junior	South Korea		179	60	Hoengseong					
	Heechul	Jung Heechul	정희철	희철	1989-12-09	ZE:A	South Korea		0	0	Jeju					
	Heedo	Yoon Heedo	유희도	희도	1996-04-22	B.I.G	South Korea		180	60	Seoul					
	Heeju	Chae Heeju	채희주	희주	2003-04-04	CMDM	South Korea		0	0						
	Heejun	Oh Heejun	오희준	희준	1996-05-08	KNK	South Korea		180	61						
	Heeseok	Yun Heeseok	윤희석	희석	1997-06-10	Limitless	South Korea		180	61						
Profile	Heeseung	Lee Heeseung	이희승	희승	2001-10-15	ENHYPEN	South Korea		0	0						
	Heesoo	Kim Heesoo	김희수	희수	2004-05-12	The Wind	South Korea		0	0						
	Henry	Henry Lau	헨리 라우	헨리	1989-10-11	Super Junior-M	Canada	Hong Kong, Taiwan	176	63	Toronto					
	Heo Chan	Heo Chan	허찬	허찬	1995-12-14		South Korea		0	0			VICTON			
	HighTop	Lim Hyeontae	임현태	하이탑	1994-03-19	Bigflo	South Korea		178	60						
	Hikari	Etani Hikari	에타니 히카리	히카리	2002-01-21	FANTASY BOYS	Japan		178	0						
	Hikaru	Urabe Hikaru	우라베 히카루	히카루	2003-07-14	FANTASY BOYS	Japan		177	0						
Profile	Himchan	Kim Himchan	김힘찬	힘찬	1990-04-19	B.A.P	South Korea		180	69	Seoul					
Profile	Hohyeon	Lee Hohyeon	이호현	호현	2001-10-14	TRCNG	South Korea		177	0						
	Hojoon	Jeon Hojoon	전호준	호준	1992-10-31	Topp Dogg	South Korea		0	0	Gwangju					
	Hojung	Go Hojung	고호정	호정	1994-10-20	HOTSHOT	South Korea		0	0						
	Hong	Kim Hong	김홍	홍	2005-06-23	POW	South Korea		0	0						
Profile	Hongbin	Lee Hongbin	이홍빈	홍빈	1993-09-29	VIXX	South Korea		181	62	Seoul					
	Honggi	Lee Honggi	이홍기	홍기	1990-03-02	FTISLAND	South Korea		0	0	Gwangju			Vocal		
	Hongil	Yoon Hongil	윤홍일	홍일	1999-01-11	Astin	South Korea		0	0						
Profile	Hongjoong	Kim Hongjoong	김홍중	홍중	1998-11-07	ATEEZ	South Korea		171	0						
	Hongseob	Shim Hongseob	심홍섭	홍섭	1998-01-08	24K	South Korea		177	58						
Profile	Hongseok	Yang Hongseok	양홍석	홍석	1994-04-17	PENTAGON	South Korea		0	0						
	Hoon	Yeo Hoonmin	여훈민	훈	1991-08-16	U-KISS	South Korea		0	0	Namyangju					
	Hoony	Lee Seunghoon	이승훈	승훈	1992-01-11	WINNER	South Korea		0	0	Busan					
Profile	Hoshi	Kwon Soonyoung	권순영	호시	1996-06-15	Seventeen	South Korea		178	63	Namyangju					
	Hoya	Lee Howon	이호원	호야	1991-03-28		South Korea		178	60	Busan	Infinite H	Infinite			
	Hoyoung	Bae Hoyoung	배호영	호영	1998-08-10	Verivery	South Korea		0	0						
Profile	Hueningkai	Kai Kamal Huening	카이 카말 휴닝	휴닝카이	2002-08-14	TXT	USA	South Korea	0	0						
Profile	Hui	Lee Hwitaek	이회택	후이	1993-08-28	PENTAGON	South Korea		0	0				Leader		
	Hui	Liang Hui	양휘	양휘	1995-07-18	24K	China		178	58						
	Huijun	Noh Huijun	노휘준	휘준	2003-10-07	MCND	South Korea		0	0						
	Hunter	Papungkorn Lertkiatdamrong	빠팡콘 륵키앗둠롱	헌터	2005-10-05	xikers	Thailand		0	0						
Profile	Hwall	Heo Hyunjoon	허현준	활	2000-03-09		South Korea		178	56	Busan		The Boyz			
	Hwanhee	Lee Hwanhee	이환희	환희	1998-05-06	UP10TION	South Korea		0	0	Daejeon					
	Hwani	Jo Sihyeon	조시환	화니	1994-11-16	DUSTIN	South Korea		0	0						
	Hwanwoong	Yeo Hwanwoong	여환웅	환웅	1998-08-26	Oneus	South Korea		0	0						
	Hwarang	Park Jonghan	박종찬	종찬	1995-12-05	Spectrum	South Korea		0	0						
	Hwarang	Son Jaewon	송재원	화랑	2001-04-23	TEMPEST	South Korea		179	61						
	Hweseung	Yoo Hweseung	유회승	회승	1995-02-28	N.Flying	South Korea		0	0						
	Hwi	Jo Mingyu	조민규	휘	2002-09-26	Newkidd	South Korea		0	0						
	Hwi	Lee Choonghyun	이충현	휘	1999-02-04	Ciipher	South Korea		172	61						
	Hwi	Eun Hwi	은휘	휘	2004-11-11	TNX	South Korea		0	0	Gangwon					
	Hwichan	Lee Heechan	이휘찬	휘찬	1996-04-18	Limitless	South Korea		0	0		OMEGA X				
	Hwiyoung	Kim Youngkyun	김영균	휘영	1999-05-11	SF9	South Korea		0	0						
	Hyeongjun	Song Hyeongjun	송형준	형준	2002-11-30	CRAVITY	South Korea		174	55			X1			
	Hyeongseok	Chu Hyeongseok	추형석	형석	2000-09-13	Astin	South Korea		0	0						
	Hyeontae	Oh Hyeontae	오현태	현태	2008-08-13	FANTASY BOYS	South Korea		170	0						
	Hyesung	Park Hyeseong	박혜성	혜성	1996-01-17	VANNER	South Korea		176	56	Daejeon					
	Hyojin	Kim Hyojin	김효진	효진	1994-04-22	ONF	South Korea		0	0	Seoul					
	Hyounjoon	Jang Hyounjoon	장현준	현준	2008-10-25	The Wind	South Korea		0	0						
Profile	Hyuk	Han Sanghyuk	한상혁	혁	1995-07-05	VIXX	South Korea		181	62	Daejeon	Big Byung				
	Hyuk	Yang Hyuk	양혁	혁	2000-03-15	OMEGA X	South Korea		183	67			ENOi			
	Hyuk	Koo Bonhyuk	구본혁	혁	2000-04-17	TEMPEST	South Korea		0	0						
	Hyukjin	Jang Hyukjin	장혁진	혁진	1993-12-20	FAVE1	South Korea		0	0	Busan		100%			
	Hyukjin	Son Hyukjin	손혁진	혁진	2003-12-12	WEUS	South Korea		176	57						
	Hyun	Park Sunghyun	박성현	성현	1997-08-25	7 O'clock	South Korea		176	58	Suwon					
	Hyunbin	Kwon Hyunbin	권현빈	현빈	1997-03-04	JBJ	South Korea		0	0	Seoul					
	Hyunbin	Moon Hyunbin	문현빈	현빈	2000-02-26	Ciipher	South Korea		177	61						
	Hyunbin	Koo Hyunbin	구현빈	현빈	2003-05-29	POW	South Korea		181	0	Changwon					
	Hyungseok	Song Hyungseok	송형석	형석	2002-11-06	YOUNITE	South Korea		0	0						
	Hyungseop	Ahn Hyungseop	안형섭	형섭	1999-08-09	TEMPEST	South Korea		173	58		HyeongseopXEuiwoong				
	Hyungsik	Park Hyungsik	박형식	형식	1991-11-16	ZE:A	South Korea		0	0	Yongin					
	Hyungwon	Chae Hyungwon	채형원	형원	1994-01-15	MONSTA X	South Korea		0	0	Gwangju					
	Hyunhah	Kim Hyunhah	김현하	현하	2000-05-09	CMDM	South Korea		0	0						
	Hyunho	Lee Hyunho	이현호	현호	1998-11-04	D-CRUNCH	South Korea		0	0						
Profile	Hyunjae	Lee Jaehyun	이재현	현재	1997-09-13	The Boyz	South Korea		180	62						
Profile	Hyunjin	Hwang Hyunjin	황현진	현진	2000-03-20	Stray Kids	South Korea		0	0	Seoul					
	Hyunjun	Lee Hyunjun	이현준	현준	1999-12-21	IZ	South Korea		0	0						
	Hyunjun	Bae Hyunjun	배현준	현준	2003-06-06	ATBO	South Korea		180	0	Seoul					
	Hyunkyung	Kim Hyunjong	김현종	현경	1998-09-05	Romeo	South Korea		0	0						
	Hyunmin	Byun Hyunmin	변현민	현민	1999-04-17		South Korea		170	0			RAINZ		bhm__99	bhm___99
	Hyunoh	Park Hyunoh	백현우	현우	1999-02-12	D-CRUNCH	South Korea		0	0						
	Hyunseong	Shim Hyunseong	심현성	현성	1993-06-09	Boyfriend	South Korea		178	58	Yeongcheon					
	Hyunseung	Jang Hyunseung	장현승	현승	1989-09-03		South Korea		177	58	Suncheon	Troublemaker	Beast			
Profile	Hyunseung	Kim Hyunseung	김현승	현승	2002-10-15	YOUNITE	South Korea		0	0						
	Hyunsik	Lim Hyunsik	임현식	현식	1992-03-07	BtoB	South Korea		177	66	Ilsan					
	Hyunsik	Won Hyunsik	원현식	현식	1997-09-12	XODIAC	South Korea		173	53	Suwon					
	Hyunsoo	Kim Hyunsoo	김현수	현수	1995-04-12	D1CE	South Korea		176	60						
	Hyunsoo	Jang Hyunsoo	장현수	현수	2003-09-16	TNX	South Korea		0	0	Sangju					
	Hyunsuk	Choi Hyunsuk	최현석	현석	1999-04-21	Treasure	South Korea		0	0	Daegu					
Profile	Hyunsuk	Yoon Hyunsuk	윤현석	현석	2001-09-08	CIX	South Korea		188	0						
	Hyunuk	Han Hyunuk	한현욱	현욱	1994-09-26	IN2IT	South Korea		179	63						
Profile	Hyunwoo	Kim Hyunwoo	김현우	현우	2001-01-21	BXB	South Korea		173	0	Seoul		TRCNG			
	Hyunwoo	Baek Hyunwoo	박현오	현오	1999-03-19	D-CRUNCH	South Korea		0	0						
	Hyunwoo	Choi Hyunwoo	최현우	현우	2004-12-04	xikers	South Korea		0	0	Gangwon					
	Hyunwook	Ji Hyunwook	지현욱	현욱	1998-07-01	D-CRUNCH	South Korea		0	0						
	Hyunwoong	Kim Hyunwoong	김현웅	현웅	1998-02-08	14U	South Korea		0	0						
	I.M	Lim Changkyun	임창균	아이엠	1996-01-26	MONSTA X	South Korea		0	0	Gwangju					
Profile	I.N	Yang Jeongin	양정인	아이엔	2001-02-08	Stray Kids	South Korea		0	0	Busan					
	Ian	Ro Sungchul	노성철	이안	2003-12-11	LUN8	South Korea		178	0						
	Ilhoon	Jung Ilhoon	정일훈	일훈	1994-10-04	BtoB	South Korea		176	64	Seoul					
	Inho	Hwang Inho	황인호	인호	1993-06-21	IN2IT	South Korea		177	58						
	Inhong	Lee Inhong	이인홍	인홍	2004-11-12	WHIB	South Korea		180	0						
	Inpyo	Lee Inpyo	이인표	인표	1995-08-14	IN2IT	South Korea		182	66						
	Inseong	Kim Inseong	김인성	인성	1993-07-12	SF9	South Korea		0	0						
	Inseong	Jeong Inseong	정인성	인성	1994-07-01	KNK	South Korea		183	71				Main Vocal		
	Insoo	Kang Insoo	강인수	인수	1988-03-10	MYNAME	South Korea		0	0	Suwon					
Profile	Intak	Hwang Intak	황인탁	인탁	2003-08-31	P1Harmony	South Korea		0	0						
	Isaac	Voo Isaak	부 아이젝	아이젝	1994-12-12	IN2IT	Malaysia		176	56						
	Ivan	Park Yooseong	박유성	아이반	2001-10-12	Kingdom	South Korea		0	0						
	J-Hoon	Lim Junghoon	임정훈	제이훈	1990-07-15	B.I.G	South Korea		172	62	Seoul					
Profile	J-Hope	Jung Hoseok	정호석	제이홉	1994-02-18	BTS	South Korea		177	65	Gwangju					
	J-Min	Jeon Minwook	전민욱	제이민	1999-10-16	BAE173	South Korea		0	0						
	J-Us	Lee Seungjoon	이승준	제이어스	1995-01-13	ONF	South Korea		0	0	Seoul					
Profile	J.seph	Kim Taehyung	김태형	제이셉	1992-06-21	KARD	South Korea	USA	0	0						
	J.YOU	Kim Jaeyu	김제유	제유	2000-11-02	TOO	South Korea		0	0						
Profile	Jackson	Jackson Wang	잭슨 왕	잭슨	1994-03-28	GOT7	Hong Kong		174	63	Hong Kong					
Profile	Jacob	Bae Joonyoung	배준영	제이콥	1997-05-30	The Boyz	South Korea	Canada	175	60	Toronto					
	Jacob	Zhang Peng	장펑	제이콥	1996-09-07	VAV	China		184	63						
	Jae	Park Jaehyung	박제형	제이	1992-09-15	DAY6	South Korea	Argentina,USA	0	0	Buenos Aires			Guitarist, Voca;		
	Jaebin	Deung Bin	등빈	재빈	1997-02-13	VARSITY	China		168	0	Hunan					
	Jaechan	Park Jaechan	박재찬	재찬	2001-12-06	Dongkiz	South Korea		177	58						
	Jaeha	Lee Jaehyun	김재현	재현	2004-07-01	WHIB	South Korea		174	0	Seoul					
	Jaehan	Kim Jaehan	김재한	재한	1995-07-01	OMEGA X	South Korea		0	0			Spectrum			
	Jaeho	Kim Jaeho	김재호	재호	1992-09-17	HISTORY	South Korea		174	58						
	Jaehwan	Kim Jaehwan	김재환	재환	1996-05-27	Wanna One	South Korea		0	0	Seoul					
Profile	Jaehyo	Ahn Jaehyo	안재효	재효	1990-12-23	Block B	South Korea		182	60	Busan					
	Jaehyuk	Yoon Jaehyuk	윤재혁	재혁	2001-07-23	Treasure	South Korea		0	0						
	Jaehyun	Jung Yoonoh	정윤오	재현	1997-02-14	NCT	South Korea		0	0	Seoul	NCT U, NCT 127				
	Jaehyun	Kim Jaehyun	김재현	재현	1994-07-15	N.Flying	South Korea		0	0	Seoul			Drummer		
	Jaehyun	Bong Jaehyun	봉재현	재현	1999-01-04	Golden Child	South Korea		0	0						
Profile	Jaehyun	Myung Jaehyun	명재현	재현	2003-12-04	BOYNEXTDOOR	South Korea		0	0						
	Jaejin	Lee Jaejin	이재진	재진	1991-12-17	FTISLAND	South Korea		0	0	Cheongju			Bassist		
	Jaejoong	Kim Jaejoong	김재중	재중	1986-01-26	JYJ	South Korea		0	0	Gongju		TVXQ			
	Jaemin	Na Jaemin	나재민	재민	2000-08-13	NCT	South Korea		0	0		NCT Dream				
	Jaemin	Shin Jaemin	신재민	재민	1996-06-08	XEED	South Korea		0	0						
	Jaeseok	Park Jaeseok	박재석	재석	1995-11-20		South Korea		0	0			Golden Child			
	Jaeun	Ha Jaeun	한재운	재운	1999-09-28	ARGON	South Korea		0	0						
	Jaewon	Shin Jaewon	신재원	재원	2004-03-02		South Korea		0	0			The Wind			
	Jaeyoon	Lee Jaeyoon	이재윤	재윤	1994-08-09	SF9	South Korea		0	0						
	Jaeyun	Lee Jaeyun	이재윤	이재윤	2000-08-16	TOO	South Korea		0	0						
	Jaeyun	Moon Jaeyun	문재윤	재윤	2002-07-02	8TURN	New Zealand	South Korea	178	64						
	Jahan	Im Jihun	임지훈	자한	2002-08-01	Kingdom	South Korea		0	0						
Profile	Jake	Shim Jaeyoon	심재윤	제이크	2002-11-15	ENHYPEN	South Korea	Australia	0	0						
	Jangjun	Lee Jangjun	이장준	장준	1997-03-03	Golden Child	South Korea		0	0						
	Jay	Kim Jinhwan	김진환	제이	1994-02-07	iKON	South Korea		0	0	Jeju					
Profile	Jay	Park Jongsung	박종성	제이	2002-04-20	ENHYPEN	South Korea	United States	0	0						
	Jay Chang	Jay Steven Kapossy	제이 스티븐 커포시	제이창	2001-03-08	ONE PACT	USA		175	0			M.O.N.T Arena			
	Jayder	Kim Junbmin	김준민	제이더	2002-12-31	WHIB	South Korea		178	0	Yangsan					
Profile	JB	Im Jaebum	임재범	제이비	1994-01-06	GOT7	South Korea		179	63	Goyang					
	Jeff	Lee Jaeho	이재호	제프	2005-04-21	EPEX	South Korea		179	61						
	Jehyun	Moon Jehyun	문제현	제현	1999-04-20	OMEGA X	South Korea		0	0			1TEAM			
	Jen	Kim Yehyeon	김예현	젠	1997-03-27	UNVS	South Korea		0	0						
	Jenissi	Kim Taeyang	김태양	제니씨	1991-08-02		South Korea		0	0	Seoul		Topp Dogg			
	Jeno	Lee Jeno	이제노	제노	2000-04-23	NCT	South Korea		0	0		NCT Dream				
	Jeon Woong	Jeon Woong	전웅	전웅	1997-10-15	AB6IX	South Korea		173	0						
	Jeongeun	Park Jeongeun	박정근	정근	2003-04-17	HAWW	South Korea		179	0	Jinju					
	Jeonggyu	Lim Jeonggyu	임정규	정규	1997-11-05	7 O'clock	South Korea		181	62						
Profile	Jeonghan	Yoon Jeonghan	윤정한	정한	1995-10-04	Seventeen	South Korea		175	54	Seoul					
	Jeonghyeon	Lee Jeonghyeon	이정현	이정현	2002-09-11	EVNNE	South Korea		185	0						
	Jeongkyun	Jeong Jeongkyun	정정균	정균	1987-11-27	WE:A	South Korea		180	60			N-Train, Bigflo			
	Jeongmin	Lee Jeongmin	이정민	정민	1994-02-01	Boyfriend	South Korea		173	60	Suwon					
	Jeongmin	Woo Jeongmin	우정민	정민	2002-05-31	WEUS	South Korea		175	65						
	Jeongseung	Park Jeongseung	박정승	정승	2002-05-20	D-CRUNCH	South Korea		0	0						
	Jeonguk	Kim Jeonguk	김정욱	정욱	1993-03-20	24K	South Korea		178	58	Busan					
	Jeongwoo	Park Jeongwoo	박정우	정우	2004-09-28	Treasure	South Korea		0	0						
	Jeongyoon	Woo Jeongyoon	우정윤	정윤	2003-04-11	WEUS	South Korea		184	62						
	Jewon	Woo Jewon	우제원	제원	1998-11-28	NINE.i	South Korea		170	55						
	Ji Eunho	Lee Sangmin	이상민	지은호	2005-05-21	LUN8	South Korea		184	0						
	Ji Hansol	Ji Hansol	지한솔	지한솔	1994-11-21	Newkidd	South Korea		182	63	Busan		UNB		jisol_11	
	Jiahn	Yoo Jiahn	유지안	지안	1992-04-01	IN2IT	South Korea		176	57						
	Jibeom	Kim Jibeom	김지범	지범	1999-02-03	Golden Child	South Korea		0	0						
	Jiho	Jang Jiho	장지호	지호	2004-08-10	NINE.i	South Korea		0	0	Gyeonggi					
	Jiho	Choi Jiho	최지호	지호	2004-06-10	AMPERS&ONE	South Korea		182	0						
	Jihoo	Lim Soojung	임수정	지후	1998-08-05	IZ	South Korea		0	0						
	Jihoo	Park Jihoo	박지후	지후	2006-07-14	EVNNE	South Korea		177	0	Dasan					
	Jihoon	Park Jihoon	박지훈	지훈	1999-05-29	Wanna One	South Korea		0	0	Masan					
	Jihoon	Park Jihoon	박지훈	지훈	2000-03-14	Treasure	South Korea		0	0	Busan					
	Jihoon	Han Jihoon	한지훈	지훈	2006-03-28	TWS	South Korea		0	0						
Profile	Jihun	Kim Jihun	김지훈	지훈	2000-01-09	BXB	South Korea		176	0	Daegu		TRCNG			
	Jihun	Kim Jihun	김지훈	지훈	1995-02-20	KNK	South Korea		186	73						
Profile	Jimin	Park Jimin	박지민	지민	1995-10-13	BTS	South Korea		175	61	Busan					
	Jimin	Kim Jimin	김지민	지민	2002-05-01	HAWW	South Korea		177	61	Incheon					
Profile	Jin	Kim Seokjin	김석진	진	1992-12-04	BTS	South Korea		179	63	Gwacheon					
	Jin Jin	Park Jinwoo	박진우	진진	1996-03-15	ASTRO	South Korea		0	0	Nowon					
	Jinbeom	Park Jinbeom	박진범	진범	2002-04-22	WHIB	South Korea		183	0	Mokpo					
	Jingyu	Lee Jingyu	이진규	진규	1998-04-22	Astin	South Korea		0	0						
Profile	Jinho	Jo Jinho	조진호	조진호	1992-04-17	PENTAGON	South Korea		0	0						
	Jinhong	Kim Jinhong	김진홍	진홍	1998-01-02	24K	South Korea		180	53	Seoul					
	Jinhoo	Kim Jinwook	김진욱	진후	1995-08-02		South Korea		0	0	Changwon		UP10TION			
	Jinhwa	Choi Jinhwa	최진화	진화	2002-01-15	BLITZERS	South Korea		180	64						
	Jinkwon	Kim Jinkwon	김진권	진권	2001-01-31	Newkidd	South Korea		0	0						
	Jinsik	Han Jinsik	함진식	진식	2004-07-30	xikers	South Korea		0	0	Incheon					
	Jinsu	Park Jinsu	박진수	진수	2003-02-05	LUN8	South Korea		179	0						
Profile	Jinsung	Jung Jinsung	정진성	진성	2002-03-30	1the9	South Korea		176	58	Seoul					
	Jinu	Kim Jinwoo	김진우	진우	1991-09-26	WINNER	South Korea		0	0	Imja					
	Jinwoo	Lee Jinwoo	이진우	진우	2004-09-13	Ghost9	South Korea		176	57		TEEN TEEN				
Profile	Jinyoung	Jung Jinyoung	정진영	진영	1991-11-18		South Korea		178	58	Chungju		B1A4			
Profile	Jinyoung	Park Jinyoung	박진영	진영	1994-09-22	GOT7	South Korea		178	63	Changwon					
Profile	Jinyoung	Bae Jinyoung	배진영	진영	2000-05-10	CIX	South Korea		0	0	Seoul		Wanna One			
	Jinyoung	Woo Jinyoung	우진영	진영	1997-05-31	D1CE	South Korea		170	51						
	Jisan	Choi Jinsang	최지상	지산	1999-11-03	Hot Blood Youth	South Korea		0	0						
	Jisu	Choi Jisu	최지수	지수	2000-01-19	TOO	South Korea		0	0						
	Jisung	Park Jisung	박지성	지성	2002-02-05	NCT	South Korea		0	0		NCT Dream				
	Jisung	Yoon Jisung	윤지성	지성	1991-03-08	Wanna One	South Korea		0	0	Wonju					
Profile	Jisung	Kim Jisung	김지성	지성	2000-12-21	TRCNG	South Korea		171	0						
Profile	Jiung	Choi Jiwoong	최지웅	지웅	2001-10-07	P1Harmony	South Korea		0	0						
Profile	Jiwoong	Kim Jiwoong	김지웅	지웅	1998-12-14	ZEROBASEONE	South Korea		178	0	Wonju					
	JJ	Jun Jihyeok	전진혁	제이제이	1998-12-11	DUSTIN	South Korea		0	0						
	JM	Chu Jimin	추지민	지민	2001-10-11	JUST B	South Korea		173	0						
	Jo			조	2008-02-04	DXMON	South Korea		0	0						
	Johnny	John Seo	존 서	쟈니	1995-02-09	NCT	USA		0	0	Chicago	NCT 127				
Profile	Jongho	Choi Jongho	최종호	종호	2000-10-12	ATEEZ	South Korea		176	0						
	Jonghoon	Choi Jonghoon	최종훈	종훈	1990-03-07	FTISLAND	South Korea		0	0	Seoul			Guitarist		
	Jonghwan	Jo Jonghwan	조종환	종환	1992-11-23	FAVE1	South Korea		0	0	Seoul		100%			
	Jonghyeong	Kim Jonghyeong	김종형	종형	2002-04-13	Dongkiz	South Korea		178	65						
	Jonghyun	Lee Jonghyun	이종현	종현	1990-05-15	CNBLUE	South Korea		0	0	Busan			Guitarist		
	Jonghyun†	Kim Jonghyun	김종현	종현	1990-04-08		South Korea		173	56	Seoul		SHINee			
Profile	Jongseob	Kim Jongseob	김종섭	종섭	2005-11-19	P1Harmony	South Korea		173	0						
Profile	Jongup	Moon Jongup	문종업	종업	1995-02-06	B.A.P	South Korea		176	66	Seoul					
	Jongwoo	Yoon Jongwoo	윤종우	종우	2000-06-12	ONE PACT	South Korea		175	64	Seoul		Black Level			
	Jooan	Im Jimyoung	임지명	주안	1996-10-04	We In The Zone	South Korea		173	58	Dongtan					
	Joochan	Hong Joochan	홍주찬	주찬	1999-07-31	Golden Child	South Korea		0	0						
	Jooheon	Lee Jooheon	이주헌	주헌	1994-10-06	MONSTA X	South Korea		0	0	Daegu					
	Joohyoung	Kim Joohyoung	김주형	주형	2003-03-15	NINE.i	South Korea		0	0						
	Jooyeon	Lee Jooyeon	이주연	주연	2002-09-12	Xdinary Heroes	South Korea		0	0	Ansan					
Profile	Joshua	Hong Jisoo	홍지수	조슈아	1995-12-30	Seventeen	USA	South Korea	176	63	Los Angeles					
	JR	Kim Jonghyun	김종현	제이알	1995-06-08	NU'EST	South Korea		0	0	Gangwon	NU'EST W				
	Ju-ne	Koo Junhoe	구준회	준회	1997-03-31	iKON	South Korea		0	0	Seoul					
Profile	Juhaknyeon	Ju Haknyeon	주학년	주학년	1999-03-09	The Boyz	South Korea		175	58	Jeju					
	Juhan	Hong Seunghyun	홍승현	주한	2001-06-21	BLITZERS	South Korea		0	0						
	Juho	Yang Zuho	양주호	주호	2004-03-04	HAWW	South Korea		182	0	Seoul					
	Jukang	Lee Hyowon	이효원	주강	2002-11-22	JWiiver	South Korea		186	0	Daegu					
Profile	Jun	Weng Junhui	원쥔훼이	준	1996-06-10	Seventeen	China		180	63	Shenzen					
	Jun	Lee Junyoung	이준영	준	1997-01-22	U-KISS	South Korea		0	0						
	Jun	Park Junhee	박준희	준	1994-06-02	A.C.E	South Korea		0	0	Jeolla					
	Jun H.	Im Joonhyun	임준현	준현	1991-08-28	UNVS	South Korea		0	0						
	Jun Han	Han Hyeongjun	한형준	준한	2002-08-18	Xdinary Heroes	South Korea		176	0	Gimhae					
	Jun Jin	Park Choongjae	박충재	전진	1980-08-19	Shinhwa	South Korea		182	75	Seoul					
	Jun. K	Kim Minjun	김민준	준케이	1988-01-15	2PM	South Korea		180	68	Daegu					
	June	Lee Junyoung	이준영	준	2003-06-16	BXB	South Korea		176	0	Busan					
	Jungbin	Lim Jungbin	임정빈	정빈	2003-07-22	POW	South Korea		0	0						
	Junghoon	Lee Junghoon	이정훈	정훈	2000-07-04	1TEAM	South Korea		0	0						
	Junghoon	Han Jeonghoon	한정훈	정훈	2000-02-14	OMEGA X	South Korea		177	61			ENOi			
	Junghoon	Kim Junghoon	김정훈	정훈	2005-07-05	xikers	South Korea		0	0						
	Junghun	Jang Junghun	장정훈	정훈	1999-02-27	Astin	South Korea		0	0						
	Junghwan	So Junghwan	소정환	정환	2005-02-18	Treasure	South Korea		0	0						
	Junghyun	Mun Junghyun	문정현	문정현	2005-03-31	EVNNE	South Korea		183	64	Seoul					
Profile	Jungkook	Jeon Jungkook	전정국	정국	1997-09-01	BTS	South Korea		178	66	Busan					
	Jungmo	Koo Jungmo	구정모	정모	2000-02-05	CRAVITY	South Korea		181	58						
	Jungshin	Lee Jungshin	이정신	정신	1991-09-15	CNBLUE	South Korea		0	0				Bassist		
	Jungsu	Kim Jungsu	김정수	정수	2001-06-26	Xdinary Heroes	South Korea		178	0	Ilsan					
Profile	Jungwon	Yang Jungwon	양정원	정원	2004-02-09	ENHYPEN	South Korea		0	0						
	Jungwoo	Kim Jungwoo	김정우	정우	1998-02-19	NCT	South Korea		0	0						
	Junho	Lee Junho	이준호	준호	1990-01-25	2PM	South Korea		178	67	Ilsan					
	Junho	Cha Junho	차준호	준호	2002-07-09	DRIPPIN	South Korea		178	63			X1			
	Junhyeok	Kim Junhyeok	임준혁	준혁	1993-07-17		South Korea		0	0			DAY6	Keyboardist		
	Junhyeok	Cheon Junhyeok	천준혁	준혁	2004-09-20	TNX	South Korea		0	0	Gyeonggi					
	Junhyoung	Oh Junhyoung	오준형	준형	2001-04-14	CMDM	South Korea		0	0						
	Junhyuk	Choi Junhyuk	최준혁	준혁	1992-04-21	HOTSHOT	South Korea		0	0	Ulsan					
	Junhyuk	Lee Junhyuk	이준혁	이준혁	2000-05-16	Mirae	South Korea		180	63	Seoul					
	Junhyung	Yong Junyung	용준형	준형	1989-12-19	Highlight	South Korea		178	64	Seoul		Beast			
	Junhyung	Son Junhyung	손준형	준형	2000-10-21	Ghost9	South Korea		0	0						
	Junji	Kim Junhyung	김준형	준지	1998-04-06	OnlyOneOf	South Korea		0	0						
	Junkyu	Kim Junkyu	김준규	준규	2000-09-09	Treasure	South Korea		0	0						
	Junmin	Ryu Junmin	류준민	준민	2003-04-05	ATBO	South Korea		172	0	Jinju					
	Junmin	Park Junmin	박준민	준민	2003-05-24	xikers	South Korea		0	0	Seoul					
	JunQ	Kang Junkyu	강준규	준규	1993-08-09	MYNAME	South Korea		0	0	Uljeongbu					
Profile	Junseo	Kim Junseo	김준서	준서	2001-11-20	WEi	South Korea		177	64	Ulsan		1the9			
	Junseo	Hwang Junseo	황준서	준서	2001-01-16	DKB	South Korea		182	67						
	Junseo	Park Junseo	박준서	준서	2001-12-28	BAE173	South Korea		0	0						
	Junseok	Oh Junseok	오준석	준석	2003-03-03	ATBO	South Korea		174	0	Jeju					
	Junseong	Choi Junseong	최준성	준성	2002-09-29	Ghost9	South Korea		170	55						
	Juntae	Kim Juntae	김준태	준태	1995-09-04	MY.st	South Korea		0	0						
	Junwoo	Sim Junwoo	심준우	준우	2003-09-21	LUN8	South Korea		184	0						
	Junwook	Kim Junwook	김준욱	준욱	2002-01-10	TheEastLight	South Korea		0	0						
	Junyoung	Lee Junyoung	이준영	준영	2000-09-23	IZ	South Korea		0	0						
Profile	Juyeon	Lee Juyeon	이주연	주연	1998-01-16	The Boyz	South Korea		180	67						
	K-Soul	Liu Zekai	류저카이	소울	2000-10-19	FANTASY BOYS	China		0	0						
	Kaedan	Kaedan Keonwoo Nam	케이단 건우 남	케이단	2009-03-24	FANTASY BOYS	South Korea		173	0						
	Kai	Kim Jongin	김종인	카이	1994-01-14	EXO	South Korea		182	65	Suncheon	SuperM				
	Kain	Bang Junho	방준호	카인	1997-03-25	ARGON	South Korea		178	0						
	Kairi	Imai Kairi	이마이 카이리	카이리	2003-02-24	T1419	Japan		0	0						
	Kamden	Kamden Winston Na	캠든 윈스턴 나	캠든	2001-06-09	AMPERS&ONE	USA	South Korea	182	0	Seattle					
	Kanghyun	Kang Hyungu	강현구	강현	1998-11-24	Onewe	South Korea		0	0			MAS			
	Kangin	Kim Youngwoon	김영운	강인	1985-01-17		South Korea		178	70	Seoul		Super Junior			
	Kangmin	Noh Kangmin	노강민	강민	1999-09-05	Romeo	South Korea		0	0						
	Kangmin	Yoo Kangmin	유강민	강민	2003-01-25	Verivery	South Korea		0	0						
	Kangsung	Lee Kangsung	이강성	강성	2002-08-08	Ghost9	South Korea		0	0						
	KB	Shin Kyubin	신규빈	규빈	1994-04-23	OnlyOneOf	South Korea		0	0						
Profile	Keeho	Yoon Kiho	윤기호	기호	2001-09-27	P1Harmony	Canada		0	0						
	Keita	Terazono Keita	테라조노 케이타	케이타	2001-07-04	Ciipher	Japan		170	59		EVNNE				
Profile	Ken	Lee Jaehwan	이재환	켄	1992-04-06	VIXX	South Korea		180	65	Seoul					
	Kenta	Takada Kenta	타카다 켄타	켄타	1995-01-10	JBJ	Japan		0	0	Fujioka					
	Keon	Kim Keon	김건	건	2001-02-16	WEUS	South Korea		176	60			BLACK LEVEL			
	Keonhee	Lee Keonhee	김건희	건희	1998-06-27	Oneus	South Korea		0	0						
	Keonwoo	Kim Keonwoo	김건우	건우	1996-12-17	MY.st	South Korea		0	0						
	Keum	Keum Donghyun	금동현	금	2003-05-14	EPEX	South Korea		176	57	Okcheon					
	Kevin	Christopher Woo	크리스토퍼 우	케빈	1991-11-25	U-KISS	USA	South Korea	0	0	Los Angeles					
	Kevin	Kevin Jiyeop Kim	케빈 지엽 킴	케빈	1988-02-23	ZE:A	South Korea	Australia	0	0	Sydney					
Profile	Kevin	Moon Hyungseo	문형서	케빈	1998-02-23	The Boyz	Canada	South Korea	176	66						
	Kevin	Park Jinwoo	박진우	케빈	2000-01-12	OMEGA X	South Korea		167	51			ENOi			
	Kevin	Baek Seungbin	백승빈	케빈	2001-04-08	T1419	South Korea		0	0						
	Key	Kim Kibum	김기범	키	1991-09-23	SHINee	South Korea		179	59	Daegu	Toheart				
	Khael	Lee Sangmin	이상민	카엘	2002-01-18	Mirae	South Korea		178	58						
	Kibum	Kim Kibum	김기범	기범	1987-08-21		South Korea		179	58	Seoul		Super Junior			
	Kichun	Hwang Kichun	황기천	기천	1992-03-14	WE:A	South Korea		179	63			Bigflo			
	Kid	Kim Junhoe	김준회	키드	1995-10-26	VARSITY	South Korea		177	58						
	Kidoh	Jin Hyosang	진효상	키도	1992-12-16		South Korea		0	0	Seoul		Topp Dogg			
	Kihyun	Yoo Kihyun	유기현	기현	1993-11-22	MONSTA X	South Korea		0	0	Goyang					
	Kim Sanggyun	Kim Sanggyun	김상균	김상균	1995-05-23	JBJ95	South Korea		0	0	Gwangju	JBJ	Topp Dogg, XENO-T			
	Kim Yoon	Kim Seongsu	김성수	김윤	1994-02-17	DUSTIN	South Korea		183	65						
Profile	Kino	Kang Hyungku	강형구	키노	1998-01-27	PENTAGON	South Korea		0	0						
	Kio	Udo Musashi	우도 무사시	키오	2004-11-28	T1419	South Korea		0	0						
	Kiseop	Lee Kiseop	이기섭	기섭	1991-01-17	U-KISS	South Korea		0	0	Seongnam					
	Kisu	Choi Kisu	최기수	기수	1990-10-02	24K	South Korea		179	60	Seoul					
	Kiwon	Lee Kiwon	이기원	기원	1996-06-27	GIDONGDAE	South Korea		170	0			RAINZ		kiwon_1810	
	Kongyeol	Go Minsoo	고민수	고결	1996-05-19	UP10TION	South Korea		0	0	Bucheon					
	Kookheon	Kim Kookheon	김국헌	국헌	1997-04-15	B.O.Y	South Korea		0	0			MYTEEN			
	Kris	Wu Yifan	오역범	크리스	1990-11-06		Canada	China	187	73	Guangzhou		EXO			
	Kuhn	Noh Sooil	노수일	쿤	1995-11-11	UP10TION	South Korea		0	0	Ansan					
	Kun	Qian Kun	첸쿤	쿤	1996-01-01	NCT	China		0	0						
	Kwanghee	Hwang Kwanghee	황광희	광희	1988-08-25	ZE:A	South Korea		0	0	Paju					
	Kwangjin	Kwon Kwangjin	권광진	광진	1992-08-12	N.Flying	South Korea		0	0	Seoul		CNBLUE	Bassist		
	Kwangmin	Jo Kwangmin	조광민	광민	1995-04-24	Boyfriend	South Korea		180	0	Anyang					
	Kyeongheon	Yoon Kyeongheon	윤경헌	경헌	1998-01-06	We In The Zone	South Korea		175	60	Suncheon					
	Kyle	Ma Jaekyung	마재경	카일	1997-01-15	Romeo	South Korea		0	0						
	Kyrell	Kyrell Choi	카이렐 초이	카이렐	2005-07-03	AMPERS&ONE	USA	South Korea	0	0	Seattle					
	Kyuhwan	Lee Kyuhwan	이규환	규환	1994-09-18	SIGNAL	South Korea		0	0			E7			
	Kyuhyuk	Shim Kyuhyuk	심규혁	규혁	1995-01-11	Hot Blood Youth	South Korea		0	0						
	Kyuhyun	Cho Kyuhyun	조규현	규현	1988-02-03	Super Junior	South Korea		180	68	Seoul	Super Junior-M				
	Kyungho	Jang Kyungho	장경호	경호	2001-05-07	TOO	South Korea		0	0						
	Kyungil	Song Kyungil	송경일	경일	1987-11-28	HISTORY	South Korea		183	72						
	Kyungjun	Woo Kyungjun	우경준	경준	2002-08-30	TNX	South Korea		0	0	Seoul					
	Kyungmin	Jo Kyungmin	조경민	경민	2004-10-28	8TURN	South Korea		187	60	Gyeonggi					
	Kyungmin	Lee Kyungmin	이경민	경민	2007-10-02	TWS	South Korea		0	0						
	Kyungmun	Lim Kyungmun	임경문	경문	2003-06-29	YOUNITE	South Korea		0	0						
	Kyungyoon	Lee Kyungyoon	이경윤	경윤	2000-02-21	Dongkiz	South Korea		177	58						
	L	Kim Myungsoo	김명수	엘	1992-03-13	Infinite	South Korea		180	60	Seoul	Infinite F				
	L.Joe	Lee Byunghun	이병헌	엘조	1993-11-23		South Korea		0	0	Gunsan		Teen Top			
	Lai Kuanlin	Lai Kuanlin	라이관린	라이관린	2001-09-23	Wanna One	Taiwan		0	0	New Taipei					
	Laon	Shin Kyuhyun	신규현	라온	1995-12-19	ENOi	South Korea		177	60						
	Laun	Kim Minseok	김민석	라운	1999-08-12		South Korea		0	0	Seongsan		ONF			
	Lay	Zhang Yixing	장이씽	레이	1991-10-07	EXO	China		177	60	Changsa					
	Lee Hoo	Moon Junyoung	이후	문준영	1989-02-09	ZE:A	South Korea		0	0	Seoul					
	Lee Hyeop	Lee Hyeop	이협	이협	1999-08-13	DRIPPIN	South Korea		177	57						
	Lee Joon	Lee Changseon	이창선	이준	1988-02-07		South Korea		0	0	Seoul		MBLAQ			
Profile	Lee Know	Lee Minho	이민호	리노	1998-10-25	Stray Kids	South Korea		0	0	Gimpo					
	Leedo	Kim Geonhak	김건학	이도	1997-07-26	Oneus	South Korea		0	0						
Profile	Leehan	Kim Donghyun	김동현	이한	2004-10-20	BOYNEXTDOOR	South Korea		0	0						
	Leejeong	Jeon Leejeong	정이정	이정	2003-09-08	WHIB	South Korea		179	0						
	Leeteuk	Park Jeongsu	박정수	이특	1983-07-01	Super Junior	South Korea		179	59	Seoul					
Profile	Leo	Jung Taekwon	정택운	레오	1990-11-10	VIXX	South Korea		183	63	Seoul	VIXX LR				
	Leo	Hayase Leo	하야세 레오	레오	2002-10-08	T1419	Japan		0	0						
	Leo			리오	2002-06-15	XODIAC	Hong Kong		180	60	Hong Kong					
	Leon	Kim Donghyun	김동현	리온	2000-07-25	TRENDZ	South Korea		0	0						
	Lew	Lee Euiwoong	이의웅	루	2001-04-05	TEMPEST	South Korea		170	55		HyeongseopXEuiwoong				
	Lex	Jeon Hyungmin	전형민	렉스	1993-01-12	Bigflo	South Korea		0	0						
	Lex	Zo Doohyun	조두현	렉스	2000-03-16	XODIAC	South Korea		181	64	Gyeongsangbuk					
	Lien	Shimada Sho	시마다 쇼	리안	1998-03-11	Mirae	Japan		0	0	Osaka					
	Lim Jimin	Lim Jimin	임지민	임지민	2001-05-22	JUST B	South Korea		178	59						
	Ling Qi	Ling Qi	링치	링치	2002-06-04	FANTASY BOYS	China		178	0						
	Longguo	Jin Longguo	진룽궈	룽궈	1996-03-02	JBJ	China		0	0	Heilong					
	Lou	Kim Hosung	김호성	로우	1996-12-21	VAV	South Korea		187	69						
	Loudi	Won Jihoon	원지훈	로우디	1996-04-13	14U	Indonesia	South Korea, China	0	0						
	Louii	Park Seonghoon	박성훈	루이	2004-03-06	HAWW	South Korea		170	0	Gwangju					
Profile	Louis	Kim Taewoo	김태우	루이	1999-04-23	BLANK2Y	South Korea		172	62			1the9			
	Louis	Yang Dongsik	양동식	루이	2001-04-08	Kingdom	South Korea		0	0						
	Love	Park Jisung	박지성	러브	1994-01-17		South Korea		0	0			OnlyOneOf			
	Lucas	Wong Junghei	웡육헤이	루카스	1999-01-25		Hong Kong		0	0		SuperM	NCT			
	Luha	Lee Gyeonghun	이경훈	루하	1993-02-15	14U	South Korea		0	0						
	Luhan	Lu Han	루한	루한	1990-04-20		China		178	62	Haidian		EXO			
	Lune	Jung Sungmin	정성민	룬	2000-02-27	DKB	South Korea		176	55						
	Lutan	Choi Gyeongseok	최경석	루탄	2003-12-06	BLITZERS	South Korea		0	0						
	Mackiyah	Mackiah Yejun Mercer	마카야 예준 머서	마카야	2006-01-21	AMPERS&ONE	Australia	South Korea	0	0	Sydney					
	Manny	Syo Dongchun	쇼동청	만니	2001-11-17	VARSITY	China		170	64						
	Marco	Lee Hyunggeun	이형근	마르코	1994-05-11	Hot Blood Youth	South Korea		0	0						
	Mark	Mark Lee	마크 리	마크	1999-08-02	NCT	Canada		0	0	Vancouver	NCT U, NCT 127, NCT Dream, SuperM				
Profile	Mark	Mark Yien Tuan	마크 이엔 투안	마크	1993-09-04	GOT7	USA	Taiwan	175	59	Los Angeles					
	Mashiho	Takata Mashiho	타카타 마시호	마시호	2001-03-25	Treasure	Japan		0	0						
Profile	Matthew	Seok Matthew	석매튜	매튜	2002-05-28	ZEROBASEONE	Canada	South Korea	170	0	Vancouver					
	Max Changmin	Shim Changmin	심창민	최강창민	1988-02-18	TVXQ	South Korea		0	0	Seoul					
	Mikey	Morisaki Daisuke	모리사키 다이스케	마이키	2001-05-05	BLANK2Y	Japan		176	58	Hyogo					
	Mill	Lee Yongsoo	이용수	밀	1999-03-30	OnlyOneOf	South Korea		0	0						
	Milo	Kim Minhak	김민학	마일로	1996-08-20	Romeo	South Korea		0	0						
	Min	Lee Mincheon	이민천	민	1997-10-16	We In The Zone	South Korea		171	50	Seoul					
	Minchan	Hong Minchan	홍민찬	민찬	1998-09-16	Verivery	South Korea		0	0						
Profile	Mingi	Son Mingi	송민기	민기	1999-08-09	ATEEZ	South Korea		183	0						
Profile	Mingyu	Kim Mingyu	김민규	민규	1997-04-06	Seventeen	South Korea		185	65	Anyang					
	Minhee	Kang Minhee	강민희	민희	2002-09-17	CRAVITY	South Korea		185	58			X1			
	Minho	Choi Minho	최민호	민호	1991-12-09	SHINee	South Korea		181	60	Incheon					
	Minho	Lee Minho	이민호	민호	1995-09-04	MY.st	South Korea		0	0						
	Minho	Yang Minho	양민호	민호	2002-10-14	8TURN	South Korea		179	59						
	Minhwan	Choi Minhwan	최민환	민환	1992-11-11	FTISLAND	South Korea		0	0	Seoul			Drummer		
	Minhyuk	Lee Minhyuk	이민혁	민혁	1990-11-29	BtoB	South Korea		173	61	Seoul					
	Minhyuk	Lee Minhyuk	이민혁	민혁	1993-11-03	MONSTA X	South Korea		0	0						
	Minhyuk	Kang Minhyuk	강민혁	민혁	1991-06-28	CNBLUE	South Korea		0	0	Ilsan			Drummer		
	Minhyuk	Kim Minhyuk	김민혁	민혁	1999-11-06	D-CRUNCH	South Korea		0	0						
	Minhyuk	Yoon Minhyuk	윤민혁	민혁	2001-07-11	WEUS	South Korea		182	60						
	Minhyun	Hwang Minhyun	황민현	민현	1995-08-09	NU'EST	South Korea		0	0	Busan	NU'EST	Wanna One			
	Minjae	Jo Minjae	조민재	민재	1994-08-08	Spectrum	South Korea		0	0						
	Minjae	Song Minjae	송민재	민재	2003-08-23	MCND	South Korea		0	0						
	Minjae	Kim Minjae	김민재	민재	2003-04-10	xikers	South Korea		0	0	Seoul					
	Minjae	Baek Minjae	백민재	민재	2003-07-09	DXMON	South Korea		0	0						
	Minjun	Kim Minjun	김민준	민준	1999-02-26	NINE.i	South Korea		0	0						
	Mino	Song Minho	송민호	민호	1993-03-30	WINNER	South Korea		0	0	Yongin					
	Minpyo	Gook Minpyo	국민표	민표	1994-11-15	B.I.G	South Korea		173	57	Gwangju					
	Minseo	Kim Minseo	김민서	민서	2002-05-13	DRIPPIN	South Korea		177	53						
	Minseo	Kang Minseo	강민서	민서	2001-07-22	FANTASY BOYS	South Korea		173	0						
	Minsu	Park Minsu	김민수	민수	1993-04-15	Boys Republic	South Korea		172	55	Gwangju					
	Minsu	Kim Minsu	김민수	민수	2000-03-20	TOO	South Korea		0	0						
	Minsung	Kim Minhwi	김민휘	민성	1996-12-24	Romeo	South Korea		0	0						
	Minwoo	No Minwoo	노민우	민우	1995-07-31	Boyfriend	South Korea		174	60	Anyang					
	Minwoo	Ha Minwoo	하민우	민우	1990-09-06	ZE:A	South Korea		0	0	Yangsan					
	Minwoo	Lee Minwoo	이민우	민우	1979-07-28	Shinhwa	South Korea		172	60	Namwon					
	Minwoo†	Seo Minwoo	서민우	민우	1985-02-08	100%	South Korea		0	0	Daegu					
	Minyong	Kang Minyong	강민용	민용	2003-09-06	HAWW	South Korea		174	0	Suwon					
	Mir	Bang Cheolyong	방철용	미르	1991-03-10	MBLAQ	South Korea		0	0	Bukhamyeon					
	Mir	Lee Yoonsang	이윤상	미르	2000-03-06	Astin	South Korea		0	0						
	MJ	Kim Myungjun	김명준	엠제이	1994-03-05	ASTRO	South Korea		0	0	Nowon					
	MK	Park Minkyun	박민균	엠케이	1995-11-16	ONF	South Korea		0	0	Ilsan					
	MoonBin†	Moon Bin	문빈	문빈	1998-01-26		South Korea		0	0	Cheongju		ASTRO			
	Moonvok	Jang Moonvok	장문복	문복	1995-04-11	Limitless	South Korea		168	48						
	Mu	Suh Kyungmin	서경민	뮤	2003-09-14	EPEX	South Korea		184	63						
	Mujin	Ko Sungho	고성호	무진	2000-11-20	Kingdom	South Korea		0	0						
	Munik	Jang Moonik	장문익	문익	2001-03-20	Dongkiz	South Korea		173	50						
	Muzin	Kim Hyunwoo	김현우	무진	2001-03-29	BAE173	South Korea		0	0						
	Myungho	Ji Myungho	지명호	명호	2001-10-12	8TURN	South Korea		177	62						
Profile	N	Cha Hakyeon	차학연	엔	1990-06-30	VIXX	South Korea		180	65	Changwon	Big Byung				
	Nakta	Shin Yooncheol	신윤철	낙타	1993-04-24		South Korea		0	0	Daegu		Topp Dogg			
	Narachan	Jung Hyunwoo	정현우	나라찬	1996-09-23	MONT	South Korea		178	58						
	Nason	Kim Duyeop	김두엽	네이슨	1995-06-12	CHECKMATE	South Korea		0	0						
Profile	New	Choi Chanhee	최찬희	뉴	1998-04-26	The Boyz	South Korea		175	51	Jeonju					
Profile	Ni-Ki	Nishimura Riki	니시무라 리키	니키	2005-12-09	ENHYPEN	Japan		0	0						
	Nichkhun	Nichkhun Horvejkul	닛차쿤 허라웻차꾼	닉쿤	1988-06-24	2PM	Thailand	USA	180	64	California					
	Niel	Ahn Daniel	안다니엘	니엘	1994-08-16	Teen Top	South Korea		0	0	Anyang					
	Nine	Jung Wookjin	정욱진	나인	1999-12-13	OnlyOneOf	South Korea		0	0						
	Noah	Hwang Seundae	황승대	노아	1998-03-18	CHECKMATE	South Korea		0	0						
	Noah	Song Yubin	송유빈	노아	2000-08-02	T1419	South Korea		0	0						
	Nohyul	Lee Nohyul	이노율	노율	2004-06-18	CMDM	South Korea		0	0						
	O.de	Oh Seungmin	오승민	오드	2002-06-11	Xdinary Heroes	South Korea		177	0	Suwon					
	O.V	Kim Sanchan	김상찬	오뷔	1999-01-03	D-CRUNCH	South Korea		0	0						
	On	Choi Juhwan	최주환	온	2002-10-16	T1419	South Korea		0	0						
	On	Kim Dongwoo	김동우	온	1996-04-11	ABLUE	South Korea		177	65						
	Onejunn	Jo Wonjun	조원준	원준	1988-11-22	Boys Republic	South Korea		179	61	Changwon					
	Onew	Lee Jinki	이진기	온유	1989-12-14	SHINee	South Korea		177	61	Gwangmyeong					
	P-Goon	Park Sehyuk	박세혁	피군	1991-10-18		South Korea		0	0	Seoul		Topp Dogg			
Profile	P.O	Pyo Jihoon	표지훈	피오	1993-02-02	Block B	South Korea		181	64	Seoul	Bastarz				
Profile	Park Kyung	Park Kyung	박경	박경	1992-07-08	Block B	South Korea		176	56	Seoul					
	Peniel	Shin Donggeun	신동근	프니엘	1993-03-10	BtoB	South Korea	USA	175	63	Chicago					
	Prince	Pasidh Vataniyapromote	파싯 와타니야쁘라못	프린스	2003-01-10	Ghost9	Thailand		0	0						
	PSY	Park Jaesang	박재상	싸이	1977-12-31		South Korea		0	0	Seoul					
Profile	Q	Ji Changmin	지창민	큐	1998-11-05	The Boyz	South Korea		175	56						
	ra.L	Yi Taehyun	이태현	라엘	2003-09-29	TRENDZ	South Korea		0	0						
	Rain	Jung Jihoon	정지훈	비	1982-06-25		South Korea		0	0	Seosan					
	Rakwon	Seok Rakwon	석락원	락원	2003-11-14	ATBO	South Korea		172	0	Seoul					
	Rano	Byun Yongseop	변용섭	라노	1998-12-10	E'LAST	South Korea		175	60						
	Raots	Ren Yuchen	런위천	라오츠	2000-03-01	JWiiver	China		0	0						
Profile	Ravi	Kim Wonsik	김원식	라비	1993-02-15	VIXX	South Korea		183	65	Seoul	VIXX LR				
	Ravn	Kim Yoongjo	김영조	레이븐	1995-09-02	Oneus	South Korea		0	0						
	Ren	Choi Minki	최민기	렌	1995-11-03	NU'EST	South Korea		0	0	Busan	NU'EST W				
	Renjun	Hwang Renjun	황런쥔	런쥔	2000-03-23	NCT	China		0	0	Jilin	NCT Dream				
	Rex	Kim Minjun	김민준	렉스	2007-07-27	DXMON	South Korea		0	0						
	Ricky	Yoo Changhyun	유창현	리키	1995-02-27	Teen Top	South Korea		0	0	Seoul					
Profile	Ricky	Shen Quanrui	션취안루이	리키	2004-05-20	ZEROBASEONE	China		184	0	Shanghai					
	Rie	Lee Seungho	이성호	리에	1996-11-06	OnlyOneOf	South Korea		0	0						
	Rihan	Choi Yeonsik	최연식	리한	1998-05-22	JWiiver	South Korea		0	0						
	Riho	Jin Seungwook	진승욱	리호	1998-03-01	VARSITY	South Korea		178	59	Incheon					
	Rio	Son Gwanghyuk	손광혁	리오	1999-07-16	14U	South Korea		0	0						
Profile	Riwoo	Lee Sanghyeok	이상혁	리우	2003-10-22	BOYNEXTDOOR	South Korea		0	0						
Profile	RM	Kim Namjoon	김남준	알엠	1994-09-12	BTS	South Korea		181	67	Ilsan			Leader		
	Rocky	Park Minhyuk	박민혁	라키	1999-02-25		South Korea		0	0	Jinju		ASTRO			
	Roda	Shin Joongmin	신중민	로다	1998-09-19	MONT	South Korea		179	60						
	Roel	Kim Sunho	김선호	로엘	1997-02-13	ARGON	South Korea		0	0						
	Rokhyun	Kim Rokhyun	김록현	록현	1991-02-10	FAVE1	South Korea		0	0	Suncheon		100%			
	Romin	Choi Youngmin	최영민	로민	2001-04-24	E'LAST	South Korea		179	58						
	Ron	Cheon Byeonghwa	천병화	론	1991-01-22	WE:A	South Korea		183	62			Bigflo			
	Roni	Jeong Rowoon	정로운	로니	1994-07-31		South Korea		174	55			XEED			
	Roshin	Bae Sijun	배시준	로신	2001-04-13	JWiiver	South Korea		0	0	Daegu					
	Rowoon	Kim Seokwoo	김석우	로운	1996-08-07		South Korea		0	0						
	Rubin	Lee Haejoon	이해준	루빈	1995-08-16	1TEAM	South Korea		0	0						
	Rui	Jang Rui	장루이	루이	2000-03-07	7 O'clock	South Korea		178	63	Seoul					
	Ryeowook	Kim Ryeowook	김려욱	려욱	1987-06-21	Super Junior	South Korea		175	58	Incheon	Super Junior-M				
	Ryujei	Chae Hocheol	채호철	류제이	1997-11-08	JWiiver	South Korea		175	54	Incheon					
Profile	S.Coups	Choi Seungcheol	최승철	에스.쿱스	1995-08-08	Seventeen	South Korea		177	63	Daegu					
	Sakang	Jeon Sakang	정사강	사강	2002-10-26	TheEastLight	South Korea		0	0						
	Samuel	Kim Samuel	김사무엘	사무엘	2002-01-17		South Korea	USA	0	0	Los Angeles		1PUNCH			
Profile	San	Choi San	최산	산	1999-07-10	ATEEZ	South Korea		173	0						
Profile	Sandeul	Lee Junghwan	이정환	산들	1992-03-20	B1A4	South Korea		178	62	Busan					
	Sangdo	Yoo Sangdo	유상도	상도	1993-03-02	Topp Dogg	South Korea		0	0	Incheon					
	Sangho	Jo Sangho	조상호	상호	1995-02-10	SNUPER	South Korea		0	0	Changwon					
	Sanghoon	Lee Sanghoon	이상훈	상훈	1993-12-23		South Korea		0	0	Cheongju		100%			
	Sangil	Shim Sangil	심상일	상일	1993-05-01	SNUPER	South Korea		0	0	Seoul					
	Sangmin	Kim Sangmin	김상민	상민	1992-07-07	CROSS GENE	South Korea		178	67	Jinju					
	Sangwoo	Kim Sangwoo	김상우	상우	2002-09-03	JUST B	South Korea		0	0						
Profile	Sangyeon	Lee Sangyeon	이상연	상연	1996-11-04	The Boyz	South Korea		176	61						
	Sanha	Yoon Sanha	윤산하	산하	2000-03-21	ASTRO	South Korea		0	0	Seoul					
	Sebin	Jang Sebin	장세빈	세빈	1996-04-24	SNUPER	South Korea		0	0	Pocheon	OMEGA X				
	Seeun	Park Seeun	박세은	세은	2005-08-17	xikers	South Korea		180	0	Daegu					
	Sehun	Oh Sehun	오세훈	세훈	1994-04-12	EXO	South Korea		181	63	Seoul					
	Seita			세이타	2003-02-21	DXMON	Japan		0	0						
	Sejin	Lee Sejin	이세진	세진	1999-07-22	14U	South Korea		0	0						
	Sejun	Lim Sejun	임세준	세준	1996-05-04	VICTON	South Korea		0	0						
	Seobin	Woo Seobin	우서빈	서빈	2005-09-02	HAWW	South Korea		0	0	Seoul					
	Seogoong	Park Hyunho	박현호	서궁	1992-05-01		South Korea		0	0	Seongnam		Topp Dogg			
	Seoham	Park Seoham	박서함	서함	1993-10-28	KNK	South Korea		190	70				Main Rapper, Sub Vocal		
	Seoho	Lee Seoho	이서호	서호	1996-06-07	Oneus	South Korea		0	0						
	Seokcheol	Lee Seokchul	이석철	석철	2000-01-11	TheEastLight	South Korea		0	170					d.dj_dinosaur.lee.s.c	
	Seokhwa	Kang Seokhwa	강석화	석화	2000-12-01	WEi	South Korea		172	56						
Profile	Seonghwa	Park Seonghwa	박성화	성화	1998-04-03	ATEEZ	South Korea		178	0	Jinju					
	Seonglee	Kim Seonglee	김성리	성리	1994-04-06		South Korea		173	0			RAINZ		seong_leeee	
	Seongmin	Ahn Seongmin	안성민	성민	2003-08-01	CRAVITY	South Korea		0	0						
	Seongmin	Oh Sungmin	오성민	성민	2001-08-25	ONE PACT	South Korea		0	0			TO1			
	Seongsoo	Park Seongsoo	박성수	성수	1999-04-07	ABLUE	South Korea		180	65			BECZ			
	Seongwu	Ong Seunwu	옹성우	성우	1995-08-25	Wanna One	South Korea		0	0	Incheon					
	Seowon	Seo Won	서원	서원	2000-12-18	NINE.i	South Korea		0	0						
	Serim	Park Serim	박세림	세림	1999-03-03	CRAVITY	South Korea		0	0						
	Seungchan	Kang Seungchan	강승찬	승찬	2003-01-01	Newkidd	South Korea		0	0						
	Seungeon	Yoo Seungeon	유승언	승언	2004-01-02	EVNNE	South Korea		179	0						
	Seunghan	Lee Seunghan	이승한	승한	1996-02-22	DUSTIN	South Korea		0	0						
	Seunghan	Hong Seunghan	홍승한	승한	2003-10-02	RIIZE	South Korea		179	62						
	Seungheon	Lee Seungheon	이승헌	승헌	2007-05-15	8TURN	South Korea		171	51						
	Seungho	Yang Seungho	양승호	승호	1987-10-16	MBLAQ	South Korea		0	0	Seoul					
	Seungho	Kim Seungho	김승호	승호	2004-07-19	CMDM	South Korea		0	0						
Profile	Seunghun	Kim Seunghun	김승훈	승훈	1999-02-26	CIX	South Korea		181	69						
	Seunghwan	Lee Seunghwan	이승환	승환	1994-12-10	Romeo	South Korea		0	0						
Profile	Seunghwan	Lee Seunghwan	이승환	승환	2000-05-20	1the9	South Korea		178	64						
	Seunghwan	Park Seunghwan	박승환	승환	2002-04-06	AIMERS	South Korea		0	0						
	Seunghwan	Jeong Seunghwan	정승환	승환	2004-01-27	ATBO	South Korea		177	0	Busan					
	Seunghyub	Lee Seunghyub	이승협	승협	1992-10-31	N.Flying	South Korea		0	0	Daegu			Vocal		
	Seunghyun	Song Seungyun	송승현	승현	1992-08-21	FTISLAND	South Korea		0	0	Seoul			Guitarist		
	Seunghyun	Lee Seunghyun	이승현	승현	2001-12-31	TheEastLight	South Korea		0	0						
	Seunghyun	Lee Seunghyun	이승현	승현	1998-07-17	AIMERS	South Korea		0	0			Spectrum			
	Seungjun	Ji Seungjun	지승준	승준	1998-09-15	Astin	South Korea		0	0						
Profile	Seungkwan	Boo Seungkwan	부승관	승관	1998-01-16	Seventeen	South Korea		172	58	Jeju					
	Seungmin	Bae Seungmin	배승민	승민	1998-10-13	Golden Child	South Korea		0	0						
Profile	Seungmin	Kim Seungmin	김승민	승민	2000-09-22	Stray Kids	South Korea		0	0	Seoul					
	Seungmo	Kim Seungmo	김승모	승모	2006-07-03	AMPERS&ONE	South Korea		180	0						
	Seungri	Lee Seunghyun	이승현	승리	1990-12-12		South Korea		176	60	Gwangju		BIGBANG			
	Seungsik	Kang Seungsik	강승식	승식	1995-04-16	VICTON	South Korea		0	0						
	Seungwoo	Han Seungwoo	한승우	승우	1994-12-24	VICTON	South Korea		0	0			X1			
	Seungyeop	Choi Seungyeop	최승엽	승엽	1997-05-08	E'LAST	South Korea		176	60						
	Seungyoon	Cho Seungyoon	조승연	승연	1996-08-05	UNIQ	South Korea		183	68			X1			
	Seyong	Kim Seyong	김세용	세용	1991-11-20	MYNAME	South Korea		0	0	Busan					
	Seyoung	Lee Seyoung	이세영	세영	1990-02-08	CROSS GENE	South Korea		180	60	Busan					
	Shihyun	Kim Shihyun	김시현	시현	1998-05-06	We In The Zone	South Korea		0	0	Changwon					
	Shin	Shin Wonho	신원호	신	1991-10-23	CROSS GENE	South Korea		185	66	Seoul					
	Shin	Kim Suhyun	김수현	신	2000-03-18	Ghost9	South Korea		0	0						
	Shin Hyesung	Jung Pilkyo	정필교	신혜성	1979-11-27	Shinhwa	South Korea		179	65	Seoul					
	Shindong	Shin Donghee	신동희	신동	1985-09-28	Super Junior	South Korea		178	90	Mungyeong					
Profile	Shinwon	Go Shinwon	고신원	신원	1995-12-11	PENTAGON	South Korea		0	0						
Profile	Shinyu	Shin Junghwan	신정환	신유	2003-11-07	TWS	South Korea		0	0						
	Shita	Chae Gaho	채가호	시타	1998-10-01	JWiiver	Macau		183	63	Macau					
	Shotaro	Osaki Shotaro	오사키 쇼타로	쇼타로	2000-11-25	RIIZE	Japan		178	0		NCT U	NCT			
	Shownu	Son Hyunwoo	손현우	셔누	1992-06-18	MONSTA X	South Korea		0	0						
	Sian	Choi Changmin	최창민	시안	2001-02-01	T1419	South Korea		0	0						
	Sihyoung	Kim Sihyoung	김시형	시형	1992-05-15	HISTORY	South Korea		182	63	Busan					
	Sing	Mak Chun Sing	막준씽	씽	2002-01-11	XODIAC	Hong Kong		0	0	Hong Kong					
	Sion	Kim Sion	김시온	시온	2004-10-19	YOUNITE	South Korea		0	0						
	Siu	Hwang Inseok	황인석	시우	1995-05-19	DUSTIN	South Korea		0	0						
	Siwan	Yim Siwan	임시완	시완	1988-12-01	ZE:A	South Korea		0	0	Busan					
	Siwon	Choi Siwon	최시원	시원	1986-04-07	Super Junior	South Korea		185	65	Seoul	Super Junior-M				
Profile	Siwoo	Yoo Siwoo	유시우	시우	2001-05-11	BXB	South Korea		178	0	Iksan		TRCNG			
	Siwoo	Park Siwoo	박시우	시우	2001-02-05	BLANK2Y	South Korea		174	54						
	Siyoung	Park Siyoung	박시영	시영	2003-05-06	Mirae	South Korea		172	55						
	Siyun	Yoon Siyun	윤시윤	시윤	2005-01-08	AMPERS&ONE	South Korea		0	0						
	Sodam	Park Sodam	박소담	박소담	2004-11-26	BLANK2Y	South Korea		0	0						
	Sohee	Lee Sohee	이소희	소희	2003-11-21	RIIZE	South Korea		174	0						
	Song	Song Yunhyeong	송윤형	송	1995-02-08	iKON	South Korea		0	0						
Profile	Soobin	Choi Soobin	최수빈	수빈	2000-12-05	TXT	South Korea		184	65						
	Soohyun	Shin Soohyun	신수현	수현	1989-03-11	U-KISS	South Korea		0	0	Pocheon					
Profile	Soul	Haku Shota	하쿠 쇼타	소울	2005-02-01	P1Harmony	Japan		0	0						
	St. Van	Lee Geumhyuk	이금혁	세인트 반	1991-12-22	VAV	South Korea		182	70						
Profile	Steve	Lim Dohyun	임도현	스티브	2002-03-09	YOUNITE	South Korea	USA	0	0	Los Angeles					
	Steven	Kim Steven	킴 스티븐	스티븐	2000-01-17	Luminous	South Korea	Australia	176	57	Sydney					
	Subin	Jung Subin	정수빈	수빈	1999-04-05	VICTON	South Korea		0	0						
Profile	Suga	Min Yoongi	민윤기	슈가	1993-03-09	BTS	South Korea		176	59	Daegu					
	Suho	Kim Junmyeon	김준면	수호	1991-05-22	EXO	South Korea		173	65	Seoul					
	Suhyun	Choi Hyunggeun	최형근	수현	1992-10-01	SNUPER	South Korea		0	0	Bucheon					
	Suil	Ma Suil	마수일	수일	1999-03-30	Luminous	South Korea		170	50	Gwangju					
	Sukjun	Lee Sukjun	이석준	석준	2000-01-31	ABLUE	South Korea		183	65			ANTARES			
	Sumin	Choi Sumin	최수민	수민	2004-04-07	xikers	South Korea		0	0	Seoul					
	Sungchan	Jung Sungchan	정성찬	성찬	2001-09-13	RIIZE	South Korea		185	66		NCT U	NCT			
Profile	Sungho	Park Sungho	박성호	성호	2003-09-04	BOYNEXTDOOR	South Korea		0	0						
Profile	Sunghoon	Park Sunghoon	박성훈	성훈	2002-12-08	ENHYPEN	South Korea		0	0						
	Sunghyuk	Seo Sunghyuk	서성혁	성혁	1999-08-26		South Korea		170	0					sunghyuk_seo	
	Sunghyun	Kim Sunghyun	김성현	성현	1996-03-16	IN2IT	South Korea		186	71						
	Sungjae	Yook Sungjae	육성재	성재	1995-05-02	BtoB	South Korea		180	68	Yongin	Big Byung				
	Sungjin	Park Sungjin	박성진	성진	1993-01-16	DAY6	South Korea		0	0				Guitarist		
	Sungjong	Lee Sungjong	이성종	성종	1993-09-03	Infinite	South Korea		177	54	Gwangju	Infinite F				
	Sungjoo	Kim Sungjoo	김성주	성주	1994-02-16	UNIQ	South Korea		180	65						
	Sungjun	Park Sungjun	박성준	성준	1992-12-17	Boys Republic	South Korea		175	55	Ansan					
	Sungjun	Lee Sungjun	이성준	성준	2002-06-15	BLANK2Y	South Korea		0	0						
	Sungjun	Oh Sungjun	오성준	성준	2005-08-30	TNX	South Korea		0	0	Ulsan					
	Sungkyu	Kim Sungkyu	김성규	성규	1989-04-28	Infinite	South Korea		178	62	Jeonju			Leader		
	Sungmin	Lee Sungmin	이성민	성민	1986-01-01	Super Junior	South Korea		175	57	Gyeonggi	Super Junior-M				
	Sungmin	Oh Sungmin	오성민	성민	1990-12-31	Bigflo	South Korea		0	0						
	Sungmin	Hong Sungmin	홍성민	성민	2004-09-17	FANTASY BOYS	South Korea		172	0						
	Sungoh	Yoo Sungoh	유성오	성오	1991-01-08		South Korea		0	0			24K			
	Sungwoon	Ha Sungwoon	하성운	성운	1994-03-22	Wanna One	South Korea		0	0	Goyang	HOTSHOT				
	Sungyeol	Lee Sungyeol	이성열	성열	1991-08-27	Infinite	South Korea		183	59	Yongin	Infinite F				
Profile	Sunoo	Kim Sunwoo	김선우	선우	2003-06-24	ENHYPEN	South Korea		0	0						
	Sunwoo	Choi Sunwoo	최선우	선우	1992-03-12	Boys Republic	South Korea		183	65	Seoul					
Profile	Sunwoo	Kim Sunwoo	김선우	선우	2000-04-12	The Boyz	South Korea		177	64						
	Sunyoul	Seon Yein	선예인	선율	1996-11-06	UP10TION	South Korea		0	0	Wando					
	Suwoong	Lee Suwoong	이수웅	수웅	1995-01-20	Boys Republic	South Korea		174	56						
	Sya	Lee Junyoung	이준영	샤	2002-09-09	BLITZERS	South Korea		0	0						
	T.O.P	Choi Seunghyun	최승현	탑	1987-11-04	BIGBANG	South Korea		180	65	Seoul	GD&TOP				
	Taecyeon	Ok Taecyeon	옥택연	택연	1988-12-27	2PM	South Korea		185	76	Busan					
	Taedong	Kim Taedong	김태동	태동	1997-11-07	OMEGA X	South Korea		177	61			GIDONGDAE			
	Taeeun	Moon Taeeun	문태은	태은	2000-02-09	IM	South Korea		175	0						
	Taeheon	Kim Taeheon	김태헌	태헌	1989-06-18	ZE:A	South Korea		0	0	Gwangju					
	Taehun	Lee Taehoon	이태훈	태훈	2000-03-21	NINE.i	South Korea		0	0						
	Taehun	Choi Taehun	최태훈	태훈	2002-11-19	TNX	South Korea		0	0	Incheon					
	Taehwan	Lee Taehwan	태환	이태환	1994-01-15	VANNER	South Korea		174	58	Dangjin					
	Taehyun	Nam Taehyun	남태현	태현	1994-05-10		South Korea		0	0	Hanam		WINNER			
	Taehyun	Noh Taehyun	노태현	태현	1993-10-15	HOTSHOT	South Korea		0	0	Seoul	JBJ				
Profile	Taehyun	Kang Taehyun	강태현	태현	2002-02-05	TXT	South Korea		0	0						
Profile	Taeil	Lee Taeil	이태일	태일	1990-09-24	Block B	South Korea		167	57	Seoul					
Profile	Taeil	Moon Taeil	문태일	태일	1994-06-14	NCT	South Korea		171	60	Seoul	NCT U, NCT 127		Main Vocal		
Profile	Taekhyeon	Jung Taekhyeon	정택현	택현	2003-07-28	1the9	South Korea		178	66	Gunpo					
Profile	Taemin	Lee Taemin	이태민	태민	1993-07-18	SHINee	South Korea		177	53	Seoul	SuperM				
	Taerae	Kim Taerae	김태래	태래	2002-09-05	TEMPEST	South Korea		0	0						
Profile	Taerae	Kim Taerae	김태래	태래	2002-07-14	ZEROBASEONE	South Korea		174	0	Cheonan					
Profile	Taesan	Han Dongmin	한동민	태산	2004-08-10	BOYNEXTDOOR	South Korea		0	0						
Profile	Taeseon	Yang Taeseon	양태선	태선	2000-09-17	TRCNG	South Korea		182	0						
	Taesung	Lee Taesung	이태승	태승	2003-12-19		South Korea		184	64		TEEN TEEN	Ghost9			
	Taewoong	Yoo Taewoong	유태웅	태웅	1994-05-24	SNUPER	South Korea	Japan	0	0						
	Taeyang	Dong Youngbae	동영배	태양	1988-05-18	BIGBANG	South Korea		174	56	Uljeongbu					
	Taeyang	Yoo Taeyang	유태양	태양	1997-02-28	SF9	South Korea		0	0			SF9			
	Taeyong	Lee Taeyong	이태용	태용	1995-07-01	NCT	South Korea		0	0		NCT U, NCT 127,SuperM				
	Taeyoung	Kim Taeyoung	김태영	태영	2003-01-27	CRAVITY	South Korea		0	0						
	Taeyoung	Kim Taeyoung	김태영	태영	1999-06-18	7 O'clock	South Korea		0	0						
	TAG	Son Youngtaek	손영택	태그	1998-04-13	Golden Child	South Korea		0	0						
	TAG	Yeom Taekyun	염태균	태그	2002-09-30	ONE PACT	South Korea		176	54			Ciipher			
	Takuma	Sato Takuma	사토 타쿠마	타쿠마	2003-08-05	LUN8	South Korea		177	0						
	Takuya	Terada Takuya	테라다 타쿠야	타쿠야	1992-03-18	CROSS GENE	Japan		187	68	Moriya					
	Tan	Choi Seokwon	최석원	탄	1996-08-25	Ciipher	South Korea		184	75						
	Tao	Hwang Zitao	황자도	타오	1993-05-02		China		183	70	Qingdao		EXO			
	Taro	Choi Wonjin	최원진	타로	1994-11-09	Hot Blood Youth	South Korea		0	0						
	Ten	Chittaphon Leechaiyapornkul	칫따폰 리차이야뽄꾼	텐	1996-02-27	NCT	Thailand		0	0	Bangkok	NCT U,SuperM				
	Teo	Jang Sungsik	장성식	테오	1997-10-22	DKB	South Korea		177	64						
	Thanatorn	Thanathorn Rueangsuwan	타나톤 루앙수완	타나톤	2005-04-05	The Wind	South Korea		0	0						
Profile	The8	Xu Minghao	쉬밍하오	디에잇	1997-11-07	Seventeen	China		175	53	Anshan					
Profile	Theo	Choi Taeyang	최태양	태오	2001-07-01	P1Harmony	South Korea		0	0						
	Thunder	Park Sanghyun	박상현	천둥	1990-10-07		South Korea		0	0	Busan		MBLAQ			
	Timoteo	Kim Moongyu	김문규	티모테오	1993-01-25	HOTSHOT	South Korea		0	0						
	TK	Kim Taegeuk	김태극	태극	2006-01-09	DXMON	South Korea		0	0						
	U	Mizuguchi Yuto	미즈구치 유토	유	1999-03-16	ONF	Japan		0	0	Osaka					
	U	Sun Hengyu	쑨헝위	유	2001-06-22	BLANK2Y	China		0	0						
	U-Know Yunho	Jung Yunho	정윤호	유노윤호	1986-02-06	TVXQ	South Korea		0	0	Gwangju					
Profile	U-Kwon	Kim Yukwon	김유권	유권	1992-04-09	Block B	South Korea		176	63	Suwon	Bastarz				
	UGeon	Yoo Seungyong	유승용	유건	2003-05-26	WHIB	South Korea		175	0						
Profile	V	Kim Taehyung	김태형	뷔	1995-12-30	BTS	South Korea		179	62	Daegu					
	Vahn	Kim Jungwoo	김정우	반	1999-05-07	NINE.i	South Korea		175	58						
	Vari	Jae Hyun	재현	베리	2000-09-03	NINE.i	South Korea		0	0						
Profile	Vernon	Choi Hansol	최한솔	버논	1998-02-18	Seventeen	USA	South Korea	176	56	New York					
	Wain	Park Sehoon	박세훈	웨인	2000-10-25	XODIAC	South Korea		0	0	Gimpo					
	Wei	Lee Jinhyuk	이진혁	웨이	1996-07-08		South Korea		0	0	Seoul		UP10TION			
	Wenhan	Li Wenhan	리원한	원한	1994-07-22	UNIQ	China		180	64						
	Win	Bang Junhyuk	방준혁	윈	2004-12-19	MCND	South Korea		0	0						
	WinL	Yang Seungho	양승호	윈엘	1996-06-16	ABLUE	South Korea		177	68	Paju		BECZ			
	Winnie	Pattipong Kasemsant	파티퐁 카셈산트	위니	1998-11-18	NINE.i	Thailand		0	0						
	Winwin	Dong Sicheng	뚱쓰청	윈윈	1997-10-28	NCT	China		0	0	Zhejiang	NCT 127				
	Wish	Kwak Dawit	곽다윗	위시	2002-06-11	EPEX	South Korea		184	69						
Profile	Won	Park Sungwon	박성원	성원	2003-12-18	Ciipher	South Korea		177	58	Seoul		1the9			
	Won Bin	Won Bin	원빈	원빈	2004-07-01	ATBO	South Korea		183	0	Gyeonggi					
	Won Hyuk	Won Hyuk	원혁	원혁	2002-02-22	E'LAST	South Korea		181	63						
	Wonbin	Park Wonbin	박원빈	원빈	2002-03-02	RIIZE	South Korea		176	57						
	Woncheol	Jung Woncheol	정원철	원철	1996-01-12	MY.st	South Korea		0	0						
	Wondae	Seol Wondae	설원대	원대	1998-04-28	Dongkiz	South Korea		180	63						
	Wonho	Shin Hoseok	신호석	원호	1993-03-01		South Korea		0	0	Anyang		MONSTA X			
	Wonjin	Won Jin	원진	원진	2003-01-01	GIDONGDAE	South Korea		0	0						
	Wonjin	Ham Wonjin	함원진	원진	2001-03-22	CRAVITY	South Korea		174	57						
	Wonjun	Lee Wonjun	이원준	원준	2002-03-08	E'LAST	South Korea		0	0						
	Wonjun	Jeong Wonjun	정원준	원준	1998-07-21	ABLUE	South Korea		187	73			ZPZG			
	Wonjun	Moon Wonjun	문원준	원준	2005-10-26	WHIB	South Korea		180	0						
	Wonpil	Kim Wonpil	김원필	원필	1994-04-28	DAY6	South Korea		0	0				Keyboardist		
	Wontak	Ju Wontak	주원탁	원탁	1996-02-24		South Korea		178	0			RAINZ		/j_wontagii/	2able_wontop
Profile	Wonwoo	Jeon Wonwoo	전원우	원우	1996-07-17	Seventeen	South Korea		180	57	Changwon					
	Woobin	Seo Woobin	서우빈	우빈	2000-10-16	CRAVITY	South Korea		0	0						
	Woobin	Jeong Woobin	정우빈	우빈	2000-04-01	Luminous	South Korea		0	0	Busan					
	Woochul	Shin Woochul	신우철	우철	2002-10-02	Newkidd	South Korea		0	0						
	Woodam	Park Woodam	박우담	우담	1995-08-02	D1CE	South Korea		173	0						
	Woohyun	Nam Woohyun	남우현	우현	1991-02-08	Infinite	South Korea		176	52	Seoul	Toheart				
	Woojin	Park Woojin	박우진	우진	1999-11-02	AB6IX	South Korea		0	0	Busan		Wanna One			
	Woojin	Lee Woojin	이우진	우진	2003-04-03	TheEastLight	South Korea		0	0					the_greatest_woojin	
Profile	Woojin	Kim Woojin	김우진	우진	1997-04-08		South Korea		0	0	Daejeon		Stray Kids			
	Woojin	Lee Woojin	이우진	우진	2003-04-07	Ghost9	South Korea		178	65		TEEN TEEN				
	Woojin	Lee Woojin	이우진	우진	1996-11-22	MY.st	South Korea		0	0						
	Woojoo	Kim Sangyoon	김상윤	우주	1996-09-18	14U	South Korea		0	0						
	Wooju	Cho Wooju	조우주	우주	2004-01-21	BLITZERS	South Korea		0	0						
	Woonggi	Cha Woonggi	차웅기	웅기	2002-04-23	TOO	South Korea		0	0						
Profile	Woonhak	Kim Woonhak	김운학	운학	2006-11-29	BOYNEXTDOOR	South Korea		0	0						
	Woono	Song Wonho	홍원호	우노	2003-04-05	YOUNITE	South Korea		0	0						
Profile	Wooseok	Jeong Wooseok	정우석	우석	1998-01-31	PENTAGON	South Korea		0	0						
	Wooseok	Kim Wooseok	김우석	우석	2004-03-12	FANTASY BOYS	South Korea		185	0						
	Wooshin	Kim Wooseok	김우석	우신	1996-10-27		South Korea		0	0	Daejeon		UP10TION, X1			
	Woosu	Kim Minseok	김민석	우수	1999-11-23	IZ	South Korea		0	0						
	Woosung	Choi Sunghyuk	최성혁	우성	1994-09-24	SNUPER	South Korea		0	0	Seoul					
Profile	Wooyeop	Jo Wooyeop	조우엽	우엽	2000-09-27	TRCNG	South Korea		179	0						
	Wooyoung	Jang Wooyoung	장우영	우영	1989-04-30	2PM	South Korea		178	65	Busan					
Profile	Wooyoung	Jung Wooyoung	정우영	우영	1999-11-26	ATEEZ	South Korea		172	0						
	Wooyoung	Hwang Wooyoung	황우영	우영	2003-06-29	AIMERS	South Korea		0	0						
Profile	Woozi	Lee Jihoon	이지훈	우지	1996-11-22	Seventeen	South Korea		165	54	Busan					
	Wow	Kim Seyoon	김세윤	와우	1993-02-28	A.C.E	South Korea		0	0	Gyeonggi					
	Wyatt	Shim Jaeyoung	심재영	와이엇	1995-01-23	ONF	South Korea		0	0	Seoul					
	XEN	Lee Jinwoo	이진우	젠	1998-02-20	OMEGA X	South Korea		0	0			1TEAM			
	Xero	Shin Jiho	신지호	제로	1994-02-03	Topp Dogg	South Korea		0	0	Gwangji					
	Xia Junsu	Kim Junsu	김준수	시아 준수	1986-12-15	JYJ	South Korea		0	0			TVXQ			
	Xiao	Lee Dongyeol	이동열	샤오	1998-12-13	UP10TION	South Korea		0	0	Busan					
	Xin	Wang Xinwi	왕씬위	씬	1996-11-10	VARSITY	China		185	0						
	Xion	Son Dongju	손동주	시온	2000-01-10	Oneus	South Korea		0	0						
	Xiumin	Kim Minseok	김민석	시우민	1990-03-26	EXO	South Korea		173	65	Guri	EXO-CBX				
	Xiweol	Kang Minseok	강민석	시월	1996-10-21	VARSITY	South Korea		174	0						
	Y	Choi Sungyoon	최성윤	와이	1995-07-31	Golden Child	South Korea		0	0						
Profile	Yan An	Yan An	옌안	옌안	1996-10-25	PENTAGON	China		0	0	Shanghai					
	Yano	Seo Sangwon	서상원	야노	1995-09-27	Topp Dogg	South Korea		0	0	Seoul					
Profile	Yechan	Shin Yechan	신예찬	예찬	2001-05-14	OMEGA X	South Korea		183	64	Seoul		1the9			
	Yechan	Jeong Yechan	정예찬	예찬	2005-10-27	TRENDZ	South Korea		0	0	Seoul					
	Yechan	Lee Yechan	이예찬	예찬	2005-10-21	xikers	South Korea		0	0	Yesan					
	Yedam	Bang Yedam	방예담	예담	2002-05-07	Treasure	South Korea		0	0						
	Yedam	Lee Yedam	이예담	예담	2003-01-19	ONE PACT	South Korea		167	0	Gyeonggi					
	Yehyeon	Kim Yehyeon	김예현	예현	1999-09-12	GIDONGDAE	South Korea		176	63						
	Yejun	Oh Yejun	오예준	예준	2002-08-23	E'LAST	South Korea		178	58						
Profile	Yeo One	Yeon Changgu	여창구	여원	1996-03-27	PENTAGON	South Korea		0	0						
	Yeonggwang	Ahn Youngjun	안영준	영광	1997-09-22	VANNER	South Korea		0	0						
	Yeonho	Ju Yeonho	주연호	연호	2000-05-31	Verivery	South Korea		0	0						
Profile	Yeonjun	Choi Yeonjun	최연준	연준	1999-09-13	TXT	South Korea		183	63						
	Yeonkyu	Kim Yeonkyu	김연규	연규	2004-05-03	ATBO	South Korea		171	0	Seoul					
	Yeontae	Jeong Yeontae	정연태	연태	1992-07-06	IN2IT	South Korea		178	58						
Profile	Yeosang	Kang Yeosang	강여상	여상	1999-06-15	ATEEZ	South Korea		173	0	Incheon					
	Yeoun	Lee Kyeongbin	이경빈	여운	1997-09-03	ARGON	South Korea		0	0						
	Yeram	Yang Yeram	양예람	예람	2000-03-31	Astin	South Korea		0	0						
	Yesung	Kim Jongwoon	김종운	예성	1984-08-24	Super Junior	South Korea		178	64	Seoul					
	Yewang	Seo Yewang	서예왕	예왕	2005-03-12	EPEX	South Korea		180	64						
	Yibo	Wang Yibo	왕이보	이보	1997-08-05	UNIQ	China		182	65						
	Yijeong	Jang Yijeong	장이정	이정	1993-09-10	HISTORY	South Korea		173	58	Jinju					
	Yixuan	Zhou Yixuan	조이쉔	이쉔	1990-12-11	UNIQ	China		183	65						
	Yoel	Kim Yoel	킴요엘	요엘	2001-01-25	AIMERS	South Korea		0	0	Seoul					
	Yohan	Kim Yohan	김요한	요한	1999-09-22	WEi	South Korea		181	66			X1			
	Yonggeun	Jo Yonggeun	조용근	용근	1995-01-23	D1CE	South Korea		174	54						
Profile	Yongguk	Bang Yongguk	방용국	용국	1990-03-31	B.A.P	South Korea		182	60	Incheon					
Profile	Yongha	Yoo Yongha	유용하	용하	1999-01-11	WEi	South Korea		177	64			1the9			
Profile	Yonghee	Kim Yonghee	김용희	용희	2000-02-17	CIX	South Korea		177	59						
	Yonghoon	Jin Yonghoon	진용훈	용훈	1994-08-17	Onewe	South Korea		0	0			MAS			
	Yonghwa	Jung Yonghwa	정용화	용화	1989-06-22	CNBLUE	South Korea		0	0	Seoul			Vocal		
	Yongseok	Kim Yongseok	김용석	용석	1993-01-08	CROSS GENE	South Korea		176	64	Seoul					
	Yongseok	Choi Yongseok	최용석	용석	1996-05-23	CHECKMATE	South Korea		0	0						
	Yongseung	Kim Yongseung	김용승	용승	2000-06-17	Verivery	South Korea		0	0						
	Yoochun	Park Yoochun	박유천	유천	1986-07-04	JYJ	South Korea		0	0	Seoul		TVXQ			
	Yoojun	Jun Yoojun	정유준	유준	1995-07-26	D1CE	South Korea		0	0						
	Yoojun	Jung Gun	정건	유준	2000-12-27	BAE173	South Korea		0	0						
	Yoojung	Lee Taeyeop	이태엽	유정	1997-05-19	OnlyOneOf	South Korea		0	0						
	Yoon	Kang Seungyoon	강승윤	승윤	1994-01-21	WINNER	South Korea		0	0	Busan					
	Yoonbin	Ha Yoonbin	하윤빈	윤빈	2000-12-11		South Korea		0	0						
	Yoonsan	Yoon Sanghyuk	윤상혁	윤산	1994-08-22	HOTSHOT	South Korea		0	0						
	Yoonsung	Cho Yoonsung	조윤성	윤성	2003-11-13	8TURN	South Korea		177	62	Seoul					
	Yoonwoo	Lee Choonghyun	이충현	윤우	2000-08-28	TRENDZ	South Korea		0	0						
	Yoosung	Jeong Yoosung	정유성	유성	1992-10-08		South Korea		175	52			Bigflo			
	Yorch	Yongsin Wongpanitnont	용신 웡파닛논	요치	2002-04-11	POW	Thailand		173	0	Chiang Muan					
	Yoseob	Yang Yoseob	양요섭	요섭	1990-01-05	Highlight	South Korea		171	56	Seoul		Beast			
	Yoshi	Kanemoto Yoshinori	카네모토 요시노리	요시	2000-05-15	Treasure	Japan		179	59	Kobe					
	You	Kim Taeyou	김태유	유	1999-11-17	ABLUE	South Korea		178	70			BECZ			
	Young K	Kang Young-hyun	강영현	영케이	1993-12-19	DAY6	South Korea	Canada	0	0				Bassist		
	Youngbin	Kim Youngbin	김영빈	영빈	1993-11-23	SF9	South Korea		0	0						
	Youngbin	Jeong Youngbin	정영빈	영빈	1998-10-05	Luminous	South Korea		172	55	Seongju					
	Youngbin	Lee Youngbin	이영빈	영빈	2001-11-23	BLANK2Y	South Korea		0	0						
	Youngho	Noh Youngho	노영호	영호	1993-03-24	SIGNAL	South Korea		0	0						
Profile	Younghoon	Kim Younghoon	김영훈	영훈	1997-08-08	The Boyz	South Korea		182	63						
Profile	Youngjae	Yoo Youngjae	유영재	영재	1994-01-24	B.A.P	South Korea		178	65	Seoul					
Profile	Youngjae	Choi Youngjae	최영재	영재	1996-09-17	GOT7	South Korea		175	59	Mokpo					
	Youngjae	Choi Youngjae	최영재	영재	2005-05-31	TWS	South Korea		0	0						
	Youngmin	Jo Youngmin	조영민	영민	1995-04-24	Boyfriend	South Korea		180	0	Anyang					
	Youngmin	Lim Youngmin	임영민	영민	1995-12-25		South Korea		0	0	Busan	MXM	AB6IX			
	Youngseo	Ryu Youngseo	류영서	영서	2002-06-13	BAE173	South Korea		0	0						
	Youngwoong	Cho Youngwoon	조영웅	영웅	1999-05-01	14U	South Korea		0	0						
	Yubin	Jang Yubin	장유빈	유빈	2004-06-10	Mirae	South Korea		0	0						
Profile	Yugyeom	Kim Yugyeom	김유겸	유겸	1997-11-17	GOT7	South Korea		180	64	Namyangju					
Profile	Yujin	Han Yujin	한유진	유진	2007-03-20	ZEROBASEONE	South Korea		177	0	Yongin					
	Yujun	Jung Yujun	정유준	유준	2005-10-05	xikers	South Korea		0	0	Incheon					
	Yuku	Amanumu Yuku	아마누마 유쿠	유쿠	2002-05-12	DKB	Japan		176	55						
	Yungyu	Lee Yungyu	이윤규	윤규	2005-11-07	8TURN	South Korea		175	62						
Profile	Yunho	Jeong Yunho	정윤호	윤호	1999-03-23	ATEEZ	South Korea		184	0	Gwangju					
	Yunmin	Yun Min	윤민	윤민	2001-02-26	Newkidd	South Korea		0	0						
	Yunseo	Ji Yunseo	지윤서	윤서	2004-10-15	EVNNE	South Korea		182	0	Mapo					
	Yunseong	Hwang Yunseong	황윤성	윤성	2000-10-30	DRIPPIN	South Korea	Seoul	181	60						
	Yunsung	Hwang Yunsung	황윤성	윤성	1996-03-19	Romeo	South Korea		0	0						
	Yuta	Nakamoto Yuta	나카모토 유타	유타	1995-10-26	NCT	Japan		0	0	Osaka	NCT 127				
Profile	Yuto	Adachi Yuto	아다치 유토	유토	1998-01-23	PENTAGON	Japan		0	0						
	Yuvin	Song Yuvin	송유빈	유빈	1998-04-28	B.O.Y	South Korea		0	0			MYTEEN			
	YY	Kim Moonyong	김문용	와이와이	1991-08-30	UNVS	South Korea		0	0						
	Z-UK	Jeong Jaewook	정재욱	지욱	1993-01-27	WE:A	South Korea		174	62			Bigflo			
	Zayyan	Muhammad Rifki Fahri Zayyan	무하마드 리프키 파흐리 자얀	자얀	2000-02-23	XODIAC	Indonesia		0	0	Tangerang					
Profile	Zelo	Choi Junhong	최준홍	젤로	1996-10-15	B.A.P	South Korea		182	63	Mokpo					
	Zero	Nasukawa Shota	나스카와 쇼타	제로	2003-01-20	T1419	Japan		0	0						
Profile	Zhang Hao	Zhang Hao	장하오	장하오	2000-07-25	ZEROBASEONE	China		181	0	Fujian					
	Zhou Mi	Zhou Mi	조미	조미	1986-04-19	Super Junior-M	China		184	64	Wuhan					
Profile	Zico	Woo Jiho	우지호	지코	1992-09-14	Block B	South Korea		182	65	Seoul					
	Ziu	Park Heejun	박희준	지우	1997-06-16	VAV	South Korea		185	70						
	Zuho	Bae Juho	백주호	주호	1996-07-04	SF9	South Korea		0	0						
